CODIGO,MARCA,PRINCIPIO ACTIVO,PRECIO UNITARIO c/iva,LABORATORIO,CLASIFICACION TERAPEUTICA
9231,ACEBRON 4mg X20COM,ACENOCUMAROL,-,ABBOTT,CARDIOVASCULAR
11990,ACETAZOLAMIDA 250 MG X20,ACETAZOLAMIDA 250 MG,2114,MINTLAB,CARDIOVASCULAR
10960,ACICLOVIR 400MG X 35 COMPRIMID,ACICLOVIR,2899,CHILE,ANTIINFECCIOSO
12611,ACICLOVIR 5% CRM,ACICLOVIR,619,CHILE,ANTIINFECCIOSO
11313,ACIDO ACETILSALICILICO 100 MG X 100 COMP,-,1359,PASTEUR,CARDIOVASCULAR
10464,ACIDO MEFENAMICO 500MG X 10 COMP.,-,494,CHILE,ANALGESICO
10185,ACIDO VALPROICO 500MG X 30COMP.,ACIDO VALPROICO 500MG,4470,ANDROMACO,EPILEPSIA
9922,ACIDO VALPROICO COM REC 200MG X30,ACIDO VALPROICO 200MG,2410,ANDROMACO,EPILEPSIA
15410,ACNERAL 10 MG X 30 CAP,ISOTRETIONINA,7831,PHARMA INVESTI,ANTIINFECCIOSO
9795,ACNERAL 20 MG X 30 CAPS,ISOTRETINOÍNA,17190,CHILE,ANTIINFECCIOSO
9716,ACOTOL X 28COMP REC,DIENOGEST 2 MG. ETINILESTRADIOL 30 MCG,6533,ABBOTT,HORMONA
9580,ACTIGERON X30COM.,L-ACETILCARNITINA,25447,BAGO,SUPLEMENTO ALIMENTICIO
9141,ACTIV-ON SENIOR X 30 COMP,MULTIVITAMINICO,3831,SUPLALIM,SUPLEMENTO ALIMENTICIO
9116,ACTIV-ON X 30 CAPS,MULTIVITAMINICO,1497,SUPLALIM,SUPLEMENTO ALIMENTICIO
14863,ACTRON 400 MG CAPS BLANDAS X 10,IBUPROFENO,-,BAYER,ANALGESICO
11307,ACUODE SACHETS 50.000 UI X 2,VITAMINA D,-,RECALCINE,SUPLEMENTO ALIMENTICIO
9617,AERO ITAN X20CAP.,CLORDIAZEPÓXIDO. METOCLOPRAMIDA . SIMETICONA,6592,SAVAL,APARATO DIGESTIVO
10108,AEROGASTROL x 20 capsulas,METOCLOPRAMIDA-DIMETICONA - CLORODIAZEPOXIDO,3350,MEDIPHARM,APARATO DIGESTIVO
9317,AEROVIAL 200mcg INH.X200DS,BUDESONIDA 200MCG,6951,ABBOTT,APARATO RESPIRATORIO
13221,AGGLAD OFTENO 5ML,BRIMONIDINA 0.2 %,2840,SOPHIA,OFTALMICO
9261,AKAN 10 MG CAJ 30 CM,MONTELUKAST 10 MG,2636,MINTLAB,ALERGIA
15600,ALCOHOL 70° LITRO,ALCOHOL ETILICO,2148,DIFEM PHARMA,INSUMO MEDICO
10539,ALCOHOL ETILICO 70° 250 ML,ALCOHOL ETILICO,736,DIFEM PHARMA,INSUMO MEDICO
9975,ALDINAM 100mg X30COM.REC.,LACOSAMIDA,24038,RECALCINE,EPILEPSIA
9717,ALDINAM 200 MG X 30 COMPRIMIDOS REC,LACOSAMIDA,35957,RECALCINE,EPILEPSIA
10113,ALEXIA 120MG X 30 COMPRIMIDOS,FEXOFENADINA,15343,SAVAL,ALERGIA
9993,ALEXIA FORTE 180 MG X 30 COMP,FEXOFENADINA,16493,SAVAL,ALERGIA
15561,ALGODON BOLSA 1 K,ALGODON,4329,DIFEM PHARMA,INSUMO MEDICO
15598,ALLEDRYL-D 10MG X 20 CAP,LORATADINA + PSEUDOFEDRINA,8318,PRATER,ALERGIA
9275,ALMAXOL 400 MG CAJ 10 CM REC,MOXIFLOXACINO 400 MG,7121,MINTLAB,ANTIINFECCIOSO
14856,ALOELAX CAPS X 50,ALOE CAPENSIS POLVO,-,KNOP,FITOTERAPIA
9629,ALOPEK 5% SOL.TOPICA X60ml,MINOXIDIL 5%,8078,ROYAL PHARMA,SUPLEMENTO ALIMENTICIO
11553,ALOPURINOL 100 MG X 20 COMPRIMIDOS,ALOPURINOL 100MG,651,MINTLAB,CARDIOVASCULAR
10109,ALOPURINOL 300MG X 20 COMPRIMIDOS,ALOPURINOL 300MG,872,CHILE,CARDIOVASCULAR
10270,ALPRAZOLAM 0.5MG X 30 COMP,ALPRAZOLAM,533,CHILE,SALUD MENTAL
9994,ALTAZINC 15 MG X 40 COMP,ZINC,-,SAVAL,SUPLEMENTO ALIMENTICIO
10395,ALTAZINC GTS 5MG/ML X 30 ML,ZINC,8434,SAVAL,SUPLEMENTO ALIMENTICIO
11991,ALTRULINE 100 X 30 COM,SERTRALINA 100MG,68244,PFIZER,SALUD MENTAL
14674,ALTRULINE 50 X 30 COM,SERTRALINA 50MG,39643,PFIZER,SALUD MENTAL
9128,AMATO 100MG X 60 COMP REC,TOPIRAMATO 100MG,7143,EUROFARMA,EPILEPSIA
11996,AMATO 25 MG X 60 COMP,TOPIRAMATO 25MG,-,EUROFARMA,EPILEPSIA
11997,AMATO 50 MG X 60 COMP,TOPIRAMATO 50MG,5012,EUROFARMA,EPILEPSIA
11827,AMIODARONA 200mg X20COM.,AMIODARONA,2454,MINTLAB,CARDIOVASCULAR
9318,AMITRIPTILINA 25 MG CAJ 100 CM,AMITRIPTILINA,2082,CHILE,SALUD MENTAL
9872,AMLODIPINO 10MG 30COMPRIMIDOS,AMLODIPINO 10 MG,743,SEVEN PHARMA,CARDIOVASCULAR
11317,AMLODIPINO 5 MG x 30,AMLODIPINO 5 MG,$740,SEVEN PHARMA,CARDIOVASCULAR
15599,AMOXI.+AC.CLAVU 875/125MG X 20 COMP,AMOXICILINA / AC CLAVULANICO,3609,OPKO,ANTIINFECCIOSO
9216,AMPLEX 10/160 MG x 30 CM REC,AMLODIPINO 10 MG. VALSARTAN 160 MG,16769,CHILE,CARDIOVASCULAR
10063,AMPLEX 5/160 X 30 COMPRIMIDOS,AMLODIPINO 5 MG. VALSARTAN 160 MG,13370,CHILE,CARDIOVASCULAR
13719,AMULSIN 5 MG X 30 COM,OLANZAPINA 5MG,-,MEDIPHARM,SALUD MENTAL
12212,ANASVITAE 1 MG X 28 COMPRIMIDOS,ANASTROZOL,15352,GALENICUM,INMUNOSUPRESOR Y CANCER
12108,ANGELIQ x 28 COMP,DROSPIRENONA 2 MG. ESTRADIOL 1 MG,17482,BAYER,HORMONA
14977,ANTALIN X 30 COM,AMITRIPTILINA. CLORDIAZEPOXIDO,-,SAVAL,SALUD MENTAL
10221,ANORO ELLIPTRA 55/22 POLVO P INHALACION,UMECLIDINIO VILANTEROL,25260,GLAXOSMITHKLINE,APARATO RESPIRATORIO
14866,APOSITO PARA TI 50X16 CM x 20UN,APÓSITO,2500,BIOCURE,INSUMO MEDICO
12229,ARIPIPRAZOL 10 MG X 30 COMPRIMIDOS,ARIPIPRAZOL 10MG,5154,ASCEND,SALUD MENTAL
15195,ARIPIPRAZOL 15 MG 30 CM,ARIPIPRAZOL 15 MG,2944,ASCENDS,SALUD MENTAL
12227,ARLETTE 28 X 28 COMPRIMIDOS,DESOGESTREL 75 MCG,6318,ABBOTT,HORMONA
10367,ARMONYL DIAESTCH. X 20 COM,PASSIFLORA - VALERINA - CRATEGUS,1488,MAVER,SUPLEMENTO ALIMENTICIO
9739,ARMONYL NOCHE ESTCH. X 20 COMP,PASSIFLORA - VALERINA - CRATEGUS,2131,MAVER,SUPLEMENTO ALIMENTICIO
9776,ARNIKADERM GEL TUBO 50 GR,ARNICA,3940,KNOP,FITOTERAPIA
11416,ARRUMAL 30 MG X 30 COMPRIMIDOS,DEFLAZACORT,31073,PHARMA INVESTI,INMUNOSUPRESOR Y CANCER
9543,ARRUMAL 6MG X40COM.,DEFLAZACORT,16952,PHARMA INVESTI,INMUNOSUPRESOR Y CANCER
10484,AROTEX X 30 COMP REC,PAROXETINA 20MG,5205,RAFFO,SALUD MENTAL
9977,ARTROTIN 20 MG CAJ 30 CM REC,LEFLUNOMIDA ,12710,ABBOTT,INMUNOSUPRESOR Y CANCER
10477,ASPIRINA 100MG X 98 COMPRIMIDOS,ACIDO ACETIL SALICILICO,-,BAYER,CARDIOVASCULAR
9459,ASPIRINA AD.500mg X40TAB,ACIDO ACETIL SALICILICO,2134,BAYER,CARDIOVASCULAR
9500,ASVENTOL 10 MG CAJ 30 CM,MONTELUKAST,2636,CHILE,ALERGIA
10401,ATACAND 16MG X 30 COMPRIMIDOS,CANDESARTÁN,19119,ASTRAZENECA,CARDIOVASCULAR
9322,ATEMPERATOR 375MG/ML SOL. ORAL FRA 25 ML,ACIDO VALPROICO 375 MG/ML,3832,FERRER,EPILEPSIA
10033,ATENOLOL COM 50MG X20 COMPRIMIDOS,ATENOLOL,313,CHILE,CARDIOVASCULAR
13519,ATORVASTATINA 10MG X 30COMP.,ATORVASTATINA 10MG,649,CHILE,CARDIOVASCULAR
9887,ATORVASTATINA 20 MG X30 CM,ATORVASTATINA 20MG,773,CHILE,CARDIOVASCULAR
15412,ATORVASTATINA 40 MG X 30 COM,ATORVASTATINA 40 MG,2460,ASCENDS,CARDIOVASCULAR
14947,ATORVASTATINA 80 MG X 30 CM,ATORVASTATINA 80 MG,5535,ASCENDS,CARDIOVASCULAR
9397,AZARGA SOF.X5ml,BRINZOLAMIDA -TIMOLOL,-,NOVARTIS,OFTALMICO
11815,AZATIOPRINA 50 MG CAJ 100 CM,AZATIOPRINA 50 MG,-,ASCEND,INMUNOSUPRESOR Y CANCER
10498,AZITROMICINA 500MG X 6 COMPRIMIDOS,AZITROMICINA 500MG,1012,CHILE,ANTIINFECCIOSO
9532,AZOPT 1% SOF.X5ml,BRINZOLAMIDA,10928,NOVARTIS,OFTALMICO
10472,BACITRACI+NEOMICI UNG. X 15 G,BACITRACINA. NEOMICINA,1089,CHILE,ANTIINFECCIOSO
9143,BACLAN 10 MG CAJ 100 CM,BACLOFENO,8531,PHARMAVISAN,ALERGIA
15108,B-COMPLEX - 100 TABS,VITAMINAS B,2804,NUTRALINE,SUPLEMENTO ALIMENTICIO
10382,B-COMPLEX X 60 CAPS,VITAMINAS B,2774,SUPLALIM,SUPLEMENTO ALIMENTICIO
9264,B-COMPLEX X 90 CAPS,MULTIVITAMINICO,-,NUTRAPHARM,SUPLEMENTO ALIMENTICIO
9441,BEPANTHOL UNGUENTO Tubo 30 gr,UNGÜENTO,2982,BAYER,DERMATOLOGICO
10562,BEROCCA PLUS X 30 COMPRIMIDOS,VITAMINAS,9841,BAYER,SUPLEMENTO ALIMENTICIO
9638,BERODUAL HFA 20/50 MCG FRA 200 DO,FENOTEROL -IPATROPIO,11167,BOEHRINGER INGELHEIM,APARATO RESPIRATORIO
10174,BETALOC ZOK 25mg x 30 comprimidos,METOPROLOL,8885,ASTRAZENECA,CARDIOVASCULAR
10055,BETALOC ZOK 50mg x 30 comprimidos,METOPROLOL,11668,ASTRAZENECA,CARDIOVASCULAR
10062,BETALOK ZOK 100MG X 30 COMPRIMIDOS,METOPROLOL,17078,ASTRAZENECA,CARDIOVASCULAR
10823,BETAMETASONA CREMA,BETAMETASONA 0.1%,340,SEVEN PHARMA,ALERGIA
10298,BETINA 16MG X 30 COMPRIMIDOS,BETAHISTINA,8839,EUROFARMA,VERTIGO
10014,BETINA 24 MG X 30 COMP,BETAHISTINA,-,EUROFARMA,VERTIGO
15606,BEVITEX FORTE 20ML,PARGEVERINA,2249,EUROFARMA,APARATO DIGESTIVO
11279,BILAXIL GRANULADO 400 GRAMOS,SEMILLAS DE CASIA,16346,BAYER,SUPLEMENTO ALIMENTICIO
14865,BIOCURE PDA. PROTECTORA X 500GR,POMADA PROTECTORA,-,BIOCURE,INSUMO MEDICO
14867,BIOCURE SHAMPOO SECO 160 ML,INSUMO MEDICO,3300,QUALIMED,INSUMO MEDICO
10258,BIOGAIA GOTAS X 5ML,LACTOBACILLUS,9398,ABBOTT,APARATO DIGESTIVO
9398,BIOGAIA TAB.X30,LACTOBACILLUS,11256,RECALCINE,APARATO DIGESTIVO
9471,BIOPSOL 0.25mg X30COM.,PRAMIPEXOL,1604,ABBOTT,PARKINSON
9643,BIOPSOL 1mg X 30,PRAMIPEXOL,4202,ABBOTT,PARKINSON
14711,BIOSUL 40 MG TIPO II CAPS,COLAGENO,12564,ITF-LABOMED,SUPLEMENTO ALIMENTICIO
10597,BIPROSEL 1.25mg X 30 COM,BISOPROLOL 1.25MG,-,ASCENDS,CARDIOVASCULAR
9119,BIPROSEL 2.5 X 30 COMPR,BISOPROLOL 2.5MG,-,ASCENDS,CARDIOVASCULAR
11137,BIPROSEL 5MG X 30 COMPR,BISOPROLOL 5MG,8925,ASCENDS,CARDIOVASCULAR
9120,BISOPRIL 2.5 MG X 30 COMPR,BISOPROLOL 2.5MG,-,EUROFARMA,CARDIOVASCULAR
9745,BISOPRIL 5MG X 30 COMP,BISOPROLOL 5MG,-,EUROFARMA,CARDIOVASCULAR
9119,BISOPROLOL 1.25 X 30 COMPR,BISOPROLOL 1.25MG,-,MUNICH PHARMA,CARDIOVASCULAR
15462,BISOPROLOL 5mg X 30 CM,BISOPROLOL 5MG X 30 CM,3824,CHILE,CARDIOVASCULAR
9616,BLOX 16MG X 30COMP.,CANDESARTÁN,21133,SAVAL,CARDIOVASCULAR
13131,BLOX 32 MG X 30 COMP,CANDESARTÁN,25639,SAVAL,CARDIOVASCULAR
9615,BLOX 8MG X 30COMP.,CANDESARTÁN,17565,SAVAL,CARDIOVASCULAR
9303,BLOX-D 32/12.5 X30COM,CANDESARTAN- HIDROCLOROTIAZIDA,25562,SAVAL,CARDIOVASCULAR
14356,BLOX D 16/12.5 MG X 30COM,CANDESARTAN- HIDROCLOROTIAZIDA,-,SAVAL,CARDIOVASCULAR
13135,BOLSAS OSTOMIA ACTIVE LIFE CONVATEC,INSUMO MEDICO,22741,CONVATEC,INSUMO MEDICO
14677,BONAVID SOLUCION ORAL 2 ML,VITAMINA D,11182,PASTEUR,SUPLEMENTO ALIMENTICIO
9588,BREVEX X20COM.REC.,CLORZOXAZONA 250 MG. PARACETAMOL 300MG,5843,BAGO,SALUD MENTAL
9325,BREXOTIDE LF 125/25 INH.X120DOSIS,FLUTICASONA 125MCG. SALMETEROL 25MCG,4208,ETEX,APARATO RESPIRATORIO
9496,BREXOTIDE LF25/250INH. 120DO CAJ 1 FRA,FLUTICASONA 250MCG. SALMETEROL 25MCG,-,ETEX,APARATO RESPIRATORIO
10572,BREXOVENT 125 MG INHALADOR,FLUTICASONA 125 MCG,4552,ETEX,APARATO RESPIRATORIO
11492,BREXOVENT LF 50 MCG X 120 DOSIS,FLUTICASONA 50 MCG,10710,GLAXOSMITHKLINE,APARATO RESPIRATORIO
9760,BRILINTA 90 MG X 60 COMP,TICAGRELOR,42481,ASTRAZENECA,CARDIOVASCULAR
15180,BRIMOF 0.2% SOL. OFTALMICA 10 ml,BRIMONIDINA 0.2%,16305,SAVAL,OFTALMICO
9422,BRIMOPRESS 0.2% SOF.X5ml,BRIMONIDINA -BENZALCONIO,22335,PHARMA INVESTI,OFTALMICO
9237,BRIMOPRESS T SOF.X5ml,BRIMONIDINA TIMOLOL,-,PHARMA INVESTI,OFTALMICO
11134,BRIXIA SOL OFTALMICA FCO 6N ML,AZELASTINA,13905,PHARMA INVESTI,OFTALMICO
10473,BROMHEXINA JARABE 100 ML,BROMHEXINA,699,EUROFARMA,APARATO RESPIRATORIO
10863,BRONCARD 60MG/10ML JARABE,LEVODROPROPIZINA,7970,ITF-LABOMED,APARATO RESPIRATORIO
15627,BRONCATOX JBE X 120ML,LEVODROPROPIZINA,3565,SAVAL,APARATO RESPIRATORIO
14747,BRONCHO-VAXOM 7 MG ADULTO CAPS X 30,LISADO BACTERIANO,73773,ITF-LABOMED,SUPLEMENTO ALIMENTICIO
11856,BRONCOTUSILAN AD.250mg/5ml,CARBOCISTEÍNA,2121,PASTEUR,APARATO RESPIRATORIO
9778,BRONDILAT 4mg X30COM.MASTICABLES,MONTELUKAST,17462,ABBOTT,APARATO RESPIRATORIO
11562,BUTON X 10 COM,PAPAVERINA 40MG,1402,MINTLAB,APARATO  DIGESTIVO
11828,BUTRINO 150MG X 30 REC,BUPROPION,2697,EUROFARMA,SALUD MENTAL
9226,CABERTRIX 0.5mg X2COM.,CABERGOLINA 0.5 MG,-,TECNOFARMA,HORMONA
9225,CABERTRIX 0.5mg X4COM,CABERGOLINA 0.5 MG,37002,TECNOFARMA,HORMONA
9874,CALCEFOR- D FORTE X 60 CAPS,CARBONATO DE CALCIO VITAMINA D,4349,CHILE,SUPLEMENTO ALIMENTICIO
9935,CALMURID LOCIÓN 1 % X 100 ML,HIDROCORTISONA 1%,7984,ROYAL PHARMA,HORMONA
14864,CANESTEN 20 GR,CLOTRIMAZOL 1%,2212,BAYER,ANTIINFECCIOSO
9244,CAPRIMIDA D FTE.X30CAP.,CARBONATO DE CALCIO VITAMINA D,4993,RECALCINE,SUPLEMENTO ALIMENTICIO
9923,CARBAMAZEPINA COM 200MG X20,CARBAMAZEPINA 200MG,761,ANDROMACO,SALUD MENTAL
9284,CARBORON 300MG X 50 COM.,CARBONATO DE LITIO,7228,ROYAL PHARMA,SALUD MENTAL
9276,CARBORON RETARD 400 MG X 50 COMPRIMIDOS,CARBONATO DE LITIO,14531,ROYAL PHARMA,SALUD MENTAL
9435,CARDIOASPIRINA EC 100mg X50,ACIDO ACETIL SALICILICO,7043,BAYER,CARDIOVASCULAR
13190,CARDIOPLUS 20 MG X 30 COMP,OLMESARTAN 20MG,-,RECALCINE,CARDIOVASCULAR
9720,CARDIOPLUS 40 MG X 30 COMPRIMIDOS,OLMESARTAN 40MG,-,RECALCINE,CARDIOVASCULAR
9974,CARDIOPLUS D 20/12.5 X30CO,OLMESARTAN 20MG. HCTZDA 12.5MG,9794,ABBOTT,CARDIOVASCULAR
10512,CARDIOPLUS D 40/12.5 MG X 30 COMPRIMIDOS,OLMESARTAN 40MG. HCTZDA 12.5MG,10187,ABBOTT,CARDIOVASCULAR
10112,CARDURA XL 4MG X 30 COMPRIMIDOS,DOXASOZINA,33163,PFIZER,CARDIOVASCULAR
11727,CARMELOSA 0.5% SOL. OFT 15 ML CAJ 1 FRA,CARMELOSA 0.5 %,1480,DR READDY,OFTALMICO
9483,CARTILAR 30 SOBRES X30,COLAGENO HIDROLIZADO,13415,CHILE,SUPLEMENTO ALIMENTICIO
9328,CARVEDILOL 12.5mg X30COMP(B),CARVEDILOL 12.5MG,1030,CHILE,CARDIOVASCULAR
11545,CARVEDILOL 25 mgX30COMP,CARVEDILOL 25MG,1349,CHILE,CARDIOVASCULAR
11291,CARVEDILOL 6.25 MG X 30 COMPRIMIDOS,CARVEDILOL 6.25MG,984,CHILE,CARDIOVASCULAR
9522,CAVAMED 5 MG CAJA 30 COM,WARFARINA,17199,PHARMA INVESTI,CARDIOVASCULAR
12132,CELECOXIB 200 MG X30,CELECOXIB 200 MG,2916,SYNTHON,ANALGESICO
10594,CERTICAN 0.25 MG X 60 COMPRIMIDOS,EVEROLIMUS,119381,NOVARTIS,INMUNOSUPRESOR Y CANCER
10595,CERTICAN 0.50 MG X 60 COMPRIMIDOS,EVEROLIMUS,238762,NOVARTIS,INMUNOSUPRESOR Y CANCER
10241,CERVICORT RAPILENTO 3ML CAJ 1 ml,BETAMETASONA,8276,CEVALLOS SALUD S.R.L.,ANTIINFECCIOSO
10242,CETIRIZINA 10 MG CAJ 30 CM,CETIRIZINA,969,MINTLAB,ALERGIA
9782,CHELTIN FC x 30 COMPRIMIDOS REC,HIERRO,7057,PHARMA INVESTI,SUPLEMENTO ALIMENTICIO
9258,CIBLEX 30mg X30COM.REC.,MIRTAZAPINA 30MG,3365,ABBOTT,SALUD MENTAL
10768,CICLIDON 20 CD X 28 COMPRIMIDOS,DESOGESTREL 150 MCG. ETINILESTRADIOL 20 MCG,5901,ABBOTT,HORMONA
9978,CICLIDON 20 X 21 COMPRIMIDOS,DESOGESTREL 150 MCG. ETINILESTRADIOL 20 MCG,8971,ABBOTT,HORMONA
9329,CICLOBENZAPRINA 10mg X20COMP,CICLOBENZAPRINA,443,CHILE,SALUD MENTAL
14040,CICLOMEX 15 X 28 COM,ETINILESTRADIOL 15 MCG. GESTODENO 60 MCG,7646,ABBOTT,HORMONA
10259,CICLOMEX 20 X 21 COMPRIMIDO,ETINILESTRADIOL 20 MCG. GESTODENO 75 MCG,7034,ABBOTT,HORMONA
9721,CICLOMEX CD X28COMP.,ETINILESTRADIOL 30 MCG. GESTODENO 75 MCG,6253,ABBOTT,HORMONA
9188,CILOSVITAE 100 MG X 28 COMPRIMIDOS,CILOSTAZOL,2138,GALENICUM,CARDIOVASCULAR
9575,Cintas de Glicemia CareSens N x 50 uds.,CINTAS DE GLICEMIA,14752,I SENS,INSUMO MEDICO
11627,CIPRODEX GOTAS 5ML,CIPROFLOXACINO,13640,SAVAL,OFTALMICO
15223,CIPRODEX GOTAS OTICAS,CIPROFLOXACINO,13691,SAVAL,OFTALMICO
9250,CIPROFIBRATO 100 MG X 30 CAP,CIPROFIBRATO 100 MG,8295,DR. READDY,CARDIOVASCULAR
15224,CIPROFLOXACINO 500 MG X 7 COMP,-,375,ANDROMACO,
10133,CITALOPRAM 20mg COM.RE (BE),CITALOPRAM,1480,MINTLAB,SALUD MENTAL
10377,CITONEURON X 30 CAPSULAS,VITAMINAS,11599,FERRER,SUPLEMENTO ALIMENTICIO
9440,CITRACAL MAX D X 60 COMPRIMIDO S,CARBONATO DE CALCIO VITAMINA D,5876,BAYER,SUPLEMENTO ALIMENTICIO
9432,CLINOMAT X30COM.,DROSPIRENONA 2 MG. ESTRADIOL 1 MG,-,RECALCINE,HORMONA
9888,CLONAZEPAM 0.5MG X30 COMP,CLONAZEPAM,708,CHILE,
9889,CLONAZEPAM 2MG X30 COMP,CLONAZEPAM,-,CHILE,
14124,CLOPIDOGREL 75MG X 30COM,CLOPIDOGREL,2388,ASCENDS,CARDIOVASCULAR
11224,CLOPIVITAE 75 MG X 28 COMPRIMIDOS,CLOPIDOGREL,4737,GALENICUM,CARDIOVASCULAR
9973,CLORANFENICOL 1% UNG,CLORANFENICOL UNGUENTO,446,OPKO,ANTIINFECCIOSO
10478,CLORFENAMINA 2MG/5ML JBE,CLORFENAMINA 2MG/5ML,599,PASTEUR,ALERGIA
10123,CLORFENAMINA 4MG X 20 COMP.,CLORFENAMINA 4MG,175,CHILE,ALERGIA
9364,CLORURO DE MAGNESIO X 90 CAPS,SUPLEMENTO ALIMENTICIO,2418,SUPLALIM,SUPLEMENTO ALIMENTICIO
10924,CLOTRIMAZOL 1% X 20 GR,CLOTRIMAZOL 1%,350,CHILE,ANTIINFECCIOSO
10433,CLOTRIMAZOL/BETAMETASONA 0.05% 15 GR,CLOTRIMAZOL 1%. BETAMETASONA 0.25%,451,OPKO,ANTIINFECCIOSO
15457,COBEFEN X 30,DEXCLORFENAMINA 2MG . BETAMETASONA 0.25MG,3792,SANITAS,ALERGIA
9173,COLAGENO HIDROLIZADO X 60 CAPS,COLAGENO,2082,OPKO,SUPLEMENTO ALIMENTICIO
10495,COLCHICINA 0.5MG X 40 COMPRIMIDOS,COLCHICINA,1882,CHILE,CARDIOVASCULAR
15241,COLLAGEN 500 MG 60 CAPSULAS,COLAGENO,-,NUTRAPHARM,SUPLEMENTO ALIMENTICIO
15579,COMBIGAN SOL OFT 5ML CAJ 1 FRA,BRIMONID/TIMOL 0.2G/0.5G SOL.OFT FRA 5ML,7093,ALLERGAN,OFTALMICO
9743,CONDROSULF 800 X30COM.REC,-,31473,,
9199,CONCOR 1.25mg X14COM.REC.,BISOPROLOL 1.25MG,6326,MERCK,CARDIOVASCULAR
9897,CONCOR 10MG X 28 COMPRIMIDOS,BISOPROLOL 10MG,-,MERCK,CARDIOVASCULAR
9391,CONCOR 2.5 X28 COMP.,BISOPROLOL 2.5MG,-,MERCK,CARDIOVASCULAR
12233,CONGESTEX SUSPENSIÓN X 120 ML,ANTIGRIPAL,-,RECALCINE,APARATO RESPIRATORIO
10529,CONTUMAX 17GR X 15 SOBRES,MACROGOL,-,TECNOFARMA,APARATO DIGESTIVO
9443,CORDIAX 80mg X30COM.,TELMISARTAN 80 MG,-,RECALCINE,CARDIOVASCULAR
12192,CORDIAX D X 30 COMPRIMIDOS,TELMISARTAN 40 MG. HCTZDA 12.5MG,-,RECALCINE,CARDIOVASCULAR
14926,COREGA ULTRA CR ADH 40 G S/SABOR,ADHESIVO DENTAL,-,GLOBAL PHARMA,INSUMO MEDICO
13773,CORODIN D FORTE X 30 COM,LOSARTAN 100MG. HCTZDA 25MG,11159,RECALCINE,CARDIOVASCULAR
11578,CORODIN D X 30 COMP,LOSARTAN 50MG. HCTZDA 12.5MG,-,RECALCINE,CARDIOVASCULAR
9518,CORTYK 4 MG CAJ 10 CM,DEXAMETASONA,5421,PASTEUR,ALERGIA
9502,COSAMIDA 200 MG CJ 30,LACOSAMIDA,26972,CHILE,EPILEPSIA
11624,COTRIMOXAZOL FORTE X 10 COMPRIMIDOS,COTRIMOXAZOL,554,ANDROMACO,ANTIINFECCIOSO
11685,COVERSYL A 5MG X 30COM,PERINDOPRIL ,12048,FERRER,CARDIOVASCULAR
15624,COXEPTA 600MG X 30COMP,OXCARBAZEPINA,26739,ASCNDS,EPILEPSIA
10412,COXTOR 120 MG X 7 CM,ETORICOXIB,3713,SEVEN PHARMA,ANALGESICO
9278,CRANBERRY X 30 CAPS,SUPLEMENTO ALIMENTICIO,1276,SUPLALIM,SUPLEMENTO ALIMENTICIO
10064,DACAM RL 3 ML FA,BETAMETASONA,14736,CHILE,ANALGESICO
10439,DAHLIA 20 X 28 COMP.,DROSPIRENONA 3 MG. ETINILESTRADIOL 30 MCG,10534,ITF LABOMED FARMACEUTICA,HORMONA
10261,DAL x 28 COMPRIMIDOS,DESOGESTREL 150 MCG. ETINILESTRADIOL 20 MCG Y 10MCG,8046,ABBOTT,HORMONA
14048,DANIELE X 28 COM,ETINILESTRADIOL 0.03 MG. DINOGEST 2 MG,7451,EXELTIS,HORMONA
9481,DARMAS CAD X1/30CAP.,ACIDO IBANDRONICO 150 MG. CALCIO. VIT D,-,CHILE,ARTRITIS. ARTROSIS Y OSTEOPOROSIS
9277,DECAPEPTYL 11.25 MG LIOF CAJ 1 FAM,TRIPTORELINA 11.25 MG,-,TECNOFARMA,HORMONA
10320,DECAPEPTYL LIOF P/SUSP INY 22.5 MG 1 FAM,TRIPTORELINA 22.5 MG,230212,TECNOFARMA,HORMONA
14946,DEPAKENE 250MG/5ML JBE 120 ML,ACIDO VALPROICO 250MG/5ML,11460,ABBOTT,EPILEPSIA
14574,DEPRAX 50 MG X 30,SERTRALINA 50MG,14845,SAVAL,SALUD MENTAL
15413,DEPUROL RETARD 75MG X 30 COM LP,VENLAFAXINA,21840,ROYAL PHARMA,SALUD MENTAL
10226,DEROXAT CR 12.5 mg X 30 COMPRIMIDOS,PAROXETINA,13483,ETEX,SALUD MENTAL
10573,DEROXAT CR 25 MG X 30 COMPRIMIDOS,PAROXETINA,-,ETEX,SALUD MENTAL
11607,DESPEX 5MG X 30 COMP,DESLORATADINA,-,CHILE,ALERGIA
15646,DESPEX JARABE 2.5MG/5ML X 120 ML,DESLORATADINA,1783,CHILE,ALERGIA
9797,DETRUCALM 200 mg x 30 COMPRIMIDOS,FLAVOXATO,-,PHARMA INVESTI,APARATO GENITOURINARIO
11736,DEUCOALER X 30 COMPRIMIDOS,DEXCLORFENAMINA,-,MEDIPHARM,ALERGIA
11531,DIAMICRON MR 60 MG X 30 COMPRIMIDOS,GLICLAZIDA,21818,FERRER,CARDIOVASCULAR
10479,DIANE 35 X 21 COMPIMIDOS,CIPROTERONA 2 MG. ETINILESTRADIOL 35 MCG,17271,BAYER,HORMONA
15562,DIFLUCAN 200MG CAJ 10 CP,FLUCONAZOL 200MG ,77671,PFZFER,ANTIINFECCIOSO
10114,DIGENIL CAPS X 20,PANCREATINA,5349,SAVAL,APARATO DIGESTIVO
9890,DIGOXINA 0.25MGX30,DIGOXINA,1096,SYNTHON CHILE,CARDIOVASCULAR
9380,DINAFLEX DUO FORTE PVO.SOL,GLUCOSAMINA 1500MG. CONDROITINA 800MG,17189,TECNOFARMA,ARTRITIS. ARTROSIS Y OSTEOPOROSIS
14042,DIOLASA MASTICABLE X 30 COM,LACTASA,7043,ANDROMACO,APARATO DIGESTIVO
9423,DIONDEL 100mg X50COM.,FLECAINIDA,24916,PHARMA INVESTI,CARDIOVASCULAR
9525,DISILDEN 50 MG,SILDENAFIL,-,INTERPHARMA S.A.,CARDIOVASCULAR
10865,DISLEP GOTAS X 20 ML,LEVOSULPIRIDA,10225,FERRER,APARATO DIGESTIVO
12221,DISVEN 2 MG X 28 COMPRIMIDOS,DIENOGEST 2 MG,-,RECALCINE,HORMONA
9335,DOMPERIDONA 10 MG CAJ 20 CM,DOMPERIDONA,552,SOCOFAR,APARATO DIGESTIVO
14686,DONEPEZILO 10 MG CAJ 30 CM REC,DONEPEZILO,14209,SEVEN PHARMA,SALUD MENTAL
11724,DONTER 250 MG CAJ 30 CM,TERBINAFINA,-,MINTLAB,ANTIINFECCIOSO
10200,DORMONID 15mg X30COM,MIDAZOLAM,16235,ROCHE,SALUD MENTAL
9534,DORZOX 2% SOL OFT,DORZOLAMIDA 2%,4844,PHARMA NETWORK,OFTALMICO
12127,DOSIN GOTAS 10 MG/ML,DOMPERIDONA,840,OPKO,APARATO DIGESTIVO
9503,DOSTINEX 0.5 MG FRA 2 CM,CARBEGOLINA 0.5MG,3616,PFIZER,SUPLEMENTO ALIMENTICIO
14653,DOXAZOSINA 4 MG CAJ 30 CM,DOXASOZINA 4MG,4393,CHILE,CARDIOVASCULAR
14988,DOXITHAL 100MG X 10 COMP,DOXICICLINA 100MG,5878,PHARMA INVESTI,ANTIINFECCIOSO
9724,DUCETEN 60MG X 30COMP.,DULOXETINA 60MG,-,RECALCINE,SALUD MENTAL
11417,DULOXETINA 30 MG COMP,DULOXETINA 30MG,2706,SEVEN PHARMA,SALUD MENTAL
11418,DULOXETINA 60 MG X 30 COMPRIMIDOS,DULOXETINA 60MG,5259,SEVEN PHARMA,SALUD MENTAL
9130,DUOTRAV BAK SOF.X2.5ml CAJA,TRAVOPROST. TIMOLOL,9089,SANFER,OFTALMICO
14652,DUTASVITAE 0.5 MG CAJ 30 CP,DUTASTERIDE 0.5MG,8022,GALENICUM,APARATO GENITOURINARIO
9529,DVIDA GOTAS 10 ML,VITAMINA D,8872,ANDROMACO,SUPLEMENTO ALIMENTICIO
9145,EGOGYN 1000UI X30CAP.BLAND,VITAMINA E,6884,RECALCINE,SUPLEMENTO ALIMENTICIO
9908,ELBRUS 1MG X 30 COMPRIMIDOS,RASAGILINA,-,DEUTSCHE PHARMA,PARKINSON
9121,ELCAL D 500/800 X60CAPS,CARBONATO DE CALCIO VITAMINA D,7966,ANDROMACO,SUPLEMENTO ALIMENTICIO
10017,ELCAL D FORTE CAPX60,CARBONATO DE CALCIO VITAMINA D,8098,ANDROMACO,SUPLEMENTO ALIMENTICIO
9207,ELCAL D PLUS X30 COMP,CARBONATO DE CALCIO VITAMINA D,-,ANDROMACO,SUPLEMENTO ALIMENTICIO
9210,ELCAL D SUPRAX GRN4.1GR SAC X30,CARBONATO DE CALCIO VITAMINA D,9321,ANDROMACO,SUPLEMENTO ALIMENTICIO
9205,ELCAL DX30 COMP,CARBONATO DE CALCIO VITAMINA D,5566,ANDROMACO,SUPLEMENTO ALIMENTICIO
15397,ELIPTIC OFTENO 5 ML CHILE,DORZOLAMIDA TIMOLOL,-,CHILE,OFTALMICO
11895,ELVENIR 37.5 MG X 30 COMP,FENTERMINA,-,RECALCINE,SALUD MENTAL
9925,ENALAPRIL COM REC 10MG X20,ENALAPRIL 10MG,-,ANDROMACO,CARDIOVASCULAR
9924,ENALAPRIL COM REC 20MG X20,ENALAPRIL 20MG,351,ANDROMACO,CARDIOVASCULAR
12185,ENALTEN 10 MG X 30COMP.,ENALAPRIL 10MG,9710,SAVAL,CARDIOVASCULAR
9619,ENALTEN 20MG X 30COMP.,ENALAPRIL 20MG,-,SAVAL,CARDIOVASCULAR
9607,ENALTEN 5mg X30COM.,ENALAPRIL 5MG,8088,SAVAL,CARDIOVASCULAR
9618,ENALTEN D 10/25 X 30 COMPRIMIDOS,ENALAPRIL 10MG. HDCTZDA 25MG,11849,SAVAL,CARDIOVASCULAR
9623,ENALTEN DN 20/12.5 X30COM.,ENALAPRIL 20MG. HDCTZDA 12.5MG,14500,SAVAL,CARDIOVASCULAR
13520,ENSURE ADVANCE VAINILLA 850GR,SUPLEMENTO ALIMENTICIO,13822,ABBOTT,SUPLEMENTO ALIMENTICIO
12658,ENSURE TARRO 850 GRAMOS VAINILLA,SUPLEMENTO ALIMENTICIO,13321,ABBOTT,SUPLEMENTO ALIMENTICIO
9991,ENSURE TARRO 850GRAMOS FRUTILLA,SUPLEMENTO ALIMENTICIO,13321,ABBOTT,SUPLEMENTO ALIMENTICIO
9321,ENTEROLS 250 MG X 10 CAP,SACAROMICIES BOULERVADI,3438,SANITAS,SUPLEMENTO ALIMENTICIO
10801,ENTRESTO FCT 50 MG X 28 COMP,VALSARTAN SACUBITRIL,-,NOVARTIS,CARDIOVASCULAR
9337,EQUORAL 100mg X50CAP.,CICLOSPORINA,73215,CHILE,ANTIINFECCIOSO
11216,ESC 20 MG x 30 COMP.REC.,ESCITALOPRAM 20MG,2728,CHILE,SALUD MENTAL
11862,ESCITALOPRAM 10 MG CAJ 30 CM,ESCITALOPRAM 10MG,2090,SEVEN PHARMA,SALUD MENTAL
9187,ESCITAVITAE 20 MGX 28 COMP,ESCITALOPRAM 20MG,7096,GALENICUM,SALUD MENTAL
9428,ESOMEPRAZOL 20mg X30COM,ESOMEPRAZOL 20MG,2319,SEVEN PHARMA,APARATO DIGESTIVO
10127,ESOMEPRAZOL 40MG X 30 COMPRIMIDOS,ESOMEPRAZOL 40MG,2751,SEVEN PHARMA,APARATO DIGESTIVO
9926,ESPIRONOLACTONA COM 25MG X20,ESPIRONOLACTONA,803,ANDROMACO,CARDIOVASCULAR
10066,ESTREDOX x 28 COMPRIMIDOS,DROSPIRENONA 2 MG. ESTRADIOL 1 MG,-,CHILE,HORMONA
10453,ETOVITAE 120 MG X 7 COM,ETEROCOXIB,-,MERCK SHARP & DOHME,ANALGESICO
12195,EUROZINA-RE X 100 COMPRIMIDOS,SULFASALAZINA,-,SAVAL,APARATO DIGESTIVO
9227,EUTEBROL 20mg X30COM.,MEMANTINA 20MG,18832,TECNOFARMA,SALUD MENTAL
9255,EUTIROX 100MCG COMPRIMIDOS X100,LEVOTIROXINA 100 MCG,1545,MERCK,HORMONA
9267,EUTIROX 112MG X 50 COMP,LEVOTIROXINA 112 MCG,7675,MERCK,HORMONA
9311,EUTIROX 137 MCG X50 COMP,LEVOTIROXINA 137 MCG,-,MERCK,HORMONA
9181,EUTIROX 150mcg X50COM.,LEVOTIROXINA 150 MCG,-,MERCK,HORMONA
9132,EUTIROX 175mcg X50COMp,LEVOTIROXINA 175 MCG,9523,MERCK,HORMONA
9201,EUTIROX 200MCG COMP.X50,LEVOTIROXINA 200 MCG,10531,MERCK,HORMONA
9393,EUTIROX 25MCGCOMP.X50,LEVOTIROXINA 25 MCG,4039,MERCK,HORMONA
9200,EUTIROX 50MCG COMP. X50,LEVOTIROXINA 50 MCG,2699,MERCK,HORMONA
9198,EUTIROX 75mcg X 50 COMPR.,LEVOTIROXINA 75 MCG,6187,MERCK,HORMONA
9272,EUTIROX 88MCGCOMP. X50,LEVOTIROXINA 88 MCG,4885,MERCK,HORMONA
14787,EVADOL XR 200MG X 30 CAPS,MEBEVERINA 200XR,-,ANDROMACO,APARATO DIGESTIVO
12201,EVAFEM 20 X 28 COMPRIMIDOS,CLORMADINONA 2MG. ETINILESTRADIOL 20 MCG,-,GRUNENTHAL,HORMONA
12160,EVOCAZ CD 10 MG X 30 COMPRIMIDOS,DONEPEZILO,-,SAVAL,SALUD MENTAL
13237,EVOCAZ CD 5 MG X 30 COMPRIMIDOS,DONEPEZILO,-,SAVAL,SALUD MENTAL
9859,EXFORGE 10/320MG X28 COMPR,AMLODIPINO 10 MG. VALSARTAN 320 MG,22769,NOVARTIS,CARDIOVASCULAR
9860,EXFORGE 5/160 X 56 COMPRIMIDOS,AMLODIPINO 5 MG. VALSARTAN 160 MG,36157,NOVARTIS,CARDIOVASCULAR
13522,EXFORGE 5/80 MG X 56 COM,AMLODIPINO 5 MG. VALSARTAN 80 MG,34453,NOVARTIS,CARDIOVASCULAR
14217,EXFORGE D 10/160/12.5 X 28COM,AMLODIPINO 10 MG. VALSARTAN 160 MG. HCTZDA 12.5MG,23868,NOVARTIS,CARDIOVASCULAR
9861,EXFORGE D 5/160/12.5 28 COMPRIMIDOS,AMLODIPINO 5 MG. VALSARTAN 160 MG. HCTZDA 12.5MG,24457,NOVARTIS,CARDIOVASCULAR
9294,EZETROL 10mg X28COM.,EZETIMIBA 10MG,24961,MERCK SHARP & DOHME,CARDIOVASCULAR
9340,FAMOTIDINA 40 MG CM,FAMOTIDINA,316,CHILE,APARATO DIGESTIVO
10557,FASLODEX 250 MG X 2 JERINGA,FULVESTRANT,-,ASTRAZENECA,INMUNOSUPRESOR Y CANCER
9725,FEMELLE 20 X28 COMP.,DROSPIRENONA 3MG. ETINILESTRADIOL 20MCG,-,RECALCINE,HORMONA
10294,FEMELLE FOL X 28 COMPRIMIDOS,DROSPIRENONA 3 MG. ETINILESTRADIOL 30MCG. LEVOMEFOLATO DE CALCIO 0.451 MG,8576,RECALCINE,HORMONA
13184,FEMELLE X 28 COMP.,DROSPIRENONA 3 MG. ETINILESTRADIOL 30 MCG,9565,RECALCINE,HORMONA
10757,FERRANEM X 30 CAPSULAS,HIERRO,-,SANITAS,SUPLEMENTO ALIMENTICIO
9852,FESEMA LF AEROSOL INH 100 MCG X 200 DOSI,SALBUTAMOL,3808,ETEX,APARATO RESPIRATORIO
9469,FEXURIX 40mg X30COM.REC.,FEBUXOSTAT,-,RECALCINE,CARDIOVASCULAR
9937,FIBRONIL 200MG X 60 COMPRIMIDOS,FENOFIBRATO,28986,PHARMA INVESTI,CARDIOVASCULAR
14655,FINARTRIT 500/400 MG CAJA 60 CM,GLUCOSAMINA 500MG. CONDROITINA 400MG,13750,GARDEN HOUSE,ARTRITIS. ARTROSIS Y OSTEOPOROSIS
14985,FINASTERIDA 5 MG X 30 COMP,FINASTERIDE,4698,SEVEN PHARMA,APARATO GENITOURINARIO
10415,FINDALER D X 20 CAPSULAS,LORATADINA. PSEUDOEFEDRINA,-,MEDIPHARM,APARATO RESPIRATORIO
10416,FINDALER GOTAS X 15 ML,CETIRIZINA GOTAS,2499,MEDIPHARM,ALERGIA
11590,FISH OIL 1000 MG X 100 SOFT GEL,SUPLEMENTO ALIMENTICIO,3898,NUTRALINE,SUPLEMENTO ALIMENTICIO
11314,FISIOLIMP X 30 ML,CLORURO DE SODIO,2368,PASTEUR,INSUMO MEDICO
10962,FLAPEX GOTAS X 15 ML,SIMETICONA,3871,ANDROMACO,APARATO DIGESTIVO
10131,FLEMEX JARABE 120 ML,CODEINA 10 MG. PSEUDOEFEDRINA 7.5 MG. CLORFENAMINA 0.5 MG,5216,ABBOTT,APARATO RESPIRATORIO
11565,FLIXOTIDE 125 MCG X 120 DOSIS,FLUTICASONA 125 MCG,23205,GLAXOSMITHKLINE,APARATO RESPIRATORIO
9174,FLUCONAZOL 150 MG X 30 CAP,FLUCONAZOL 150MG,3438,IPHSA,ANTIINFECCIOSO
10858,FLUIDASA 600 MG PLVO PSOL ORAL GRAN X 10,ACETILCISTEÍNA,2407,RECALCINE,APARATO RESPIRATORIO
9341,FLUOXETINA 20mg,FLUOXETINA 20MG,408,CHILE,SALUD MENTAL
9642,FLUSONA LF 125MCG/DO INH 120DO CAJ 1FRA,FLUTICASONA 125 MCG,-,ABBOTT,APARATO RESPIRATORIO
11776,FLUXUS 10 MG X60COM.,FLUNARIZINA,-,TECNOFARMA,VERTIGO
11942,FOLACID 5MG x30COMP,ACIDO FOLICO,-,ITF-LABOMED,SUPLEMENTO ALIMENTICIO
10048,FOLIFER X60 COMPRIMIDOS,HIERRO,10014,SYNTHON,SUPLEMENTO ALIMENTICIO
9869,FOLISANIN 5 MG X 30 COMP,ACIDO FOLICO,963,SANITAS,SUPLEMENTO ALIMENTICIO
10056,FORXIGA 10 MG X 28 COMPRIMIDOS,DAPAGLIFLOZINA,21288,ASTRAZENECA,CARDIOVASCULAR
14979,FOSVAL 70 MG 12 X COMP,ACIDO ALENDRONICO 70 MG,11838,SAVAL,ARTRITIS. ARTROSIS Y OSTEOPOROSIS
9436,FUROKAL 250 MG CAJ 100 CM,ACIDO URSODEOXICÓLICO,43341,ABBOTT,APARATO DIGESTIVO
11258,FUROKAL 500 mg X 50,ACIDO URSODEOXICÓLICO,47162,ABBOTT,APARATO DIGESTIVO
14476,GABAPENTINA 300MG X 30 COMPR,GABAPENTINA 300MG,2461,ASCEND,EPILEPSIA
10446,GABAPENTINA 400 MG X 30 CP,HIPROMELOSA,9496,NOVARTIS,OFTALMICO
10824,GABEX COMP REC 600MG X30,GABAPENTINA 600MG,17369,ANDROMACO,EPILEPSIA
9505,GABEX 300 MG CAJ 30 CP,GABAPENTINA 300MG,-,ANDROMACO,EPILEPSIA
10578,GALANVITAE 8MG X 7 CAPSULAS,GALANTAMINA,24544,GALENICUM,ALZHEIMER
9863,GALVUS 50 MG X 56 COMP,VILDAGLIPTINA,19219,NOVARTIS,CARDIOVASCULAR
9864,GALVUS MET 50/1000 X 56 COM,METFORMINA 1000MG. VILDAGLIPTINA 50MG,21553,NOVARTIS,CARDIOVASCULAR
15495,GALVUS MET 50/850 X 56COM,METFORMINA 850MG. VILDAGLIPTINA 50MG,21547,NOVARTIS,CARDIOVASCULAR
9444,GALVUS MET 50/850 X28COM,METFORMINA 850MG. VILDAGLIPTINA 50MG,13264,NOVARTIS,CARDIOVASCULAR
11835,GANFORTX 3ML FRASCO GOTARIO,BIMATOPROST. TIMOLOL,11331,ALLERGAN,OFTALMICO
10115,GASTROLEN 5/2.5 MG X 30 COMP,BROMURO DE CIDINIO,-,CHEMOFARMA,APARATO DIGESTIVO
9115,GEL PACK FLEXIBLE 100GR,INSUMO MEDICO,252,P Y PINTER,INSUMO MEDICO
9343,GEMFIBROZILO 300mg X30CAP,GEMFIBROZILO,2007,CHILE,CARDIOVASCULAR
9493,GESER 30 MG CAJ 30 CM,CINACALCET 30 MG,-,ABBOTT,HORMONA
9392,GIABRI X60 COMP.,CIPROFIBRATO,-,MERCK,CARDIOVASCULAR
10580,GIANDA X 21 COMPRIMIDOS,DIENOGEST 2MG. ETINILESTRADIOL 30 MCG,10499,GRUNENTHAL,HORMONA
9146,GINEMAXIM 40mg X60 COMP,GINEMAXIN,6849,KNOP,SUPLEMENTO ALIMENTICIO
9466,GINODERM 0.06% GEL X80g,ESTRADIOL 0.06%,-,RECALCINE,HORMONA
9165,GLAFORNIL 1000mg X 30 COMPRIMIDOS,METFORMINA 1000MG,11775,MERCK,CARDIOVASCULAR
9274,GLAFORNIL 850mg X30COM.,METFORMINA 850MG,8043,MERCK,CARDIOVASCULAR
9273,GLAFORNIL 850mg X60COM.,METFORMINA 850MG,14507,MERCK,CARDIOVASCULAR
9170,GLAFORNIL XR 1000 X30COM,METFORMINA 1000MG XR,13423,MERCK,CARDIOVASCULAR
9578,GLAFORNIL XR 500 X30COM,METFORMINA 500MG XR,-,MERCK,CARDIOVASCULAR
9147,GLAFORNIL XR 750 X30COMPR,METFORMINA 750MG XR,10919,MERCK,CARDIOVASCULAR
9166,GLAUCOTENSIL 2% SOF.X5ml,DORZOLAMIDA,13842,PHARMA INVESTI,OFTALMICO
9167,GLAUCOTENSIL T SOF.X5ml,DORZOLAMIDA,17387,PHARMA INVESTI,OFTALMICO
11972,GLAUPAX 1000 MG XR 30 COMP,METFORMINA 1000MG XR,6762,PASTEUR,CARDIOVASCULAR
11970,GLAUPAX 500 MG XR 30 COMP,METFORMINA 500MG,-,PASTEUR,CARDIOVASCULAR
11971,GLAUPAX 750 MG XR 30 COMP,METFORMINA 750MG XR,5331,PASTEUR,CARDIOVASCULAR
11588,GLUCERNA TRIPLECARE 900 GRAMOS,SUPLEMENTO ALIMENTICIO,13822,ABBOTT,SUPLEMENTO ALIMENTICIO
9161,GOTELY 0.4mg X30CAP.PROLONG,TAMSULOSINA,10031,TECNOFARMA,APARATO GENITOURINARIO
9229,GOTELY DUO 0.4/0.5 MG X30CAPS.,DUTASTERIDA 0.5MG. TAMSULOSINA 0.4 MG,16368,TECNOFARMA,APARATO GENITOURINARIO
9484,GRIFODILZEM 60mg X60COM.,DILTIAZEM 60MG,-,CHILE,CARDIOVASCULAR
9961,GUTRON 2.5mg X20COM.,MIDODRINA,6328,ANDROMACO,CARDIOVASCULAR
9268,GUTRON 5mg X10COMP,MIDODRINA,7386,ANDROMACO,CARDIOVASCULAR
10260,GYNORELLE X 28 COMPRIMIDOS,CLORMADINONA 2 MG. ETINILESTRADIOL 20 MCG,-,RECALCINE,HORMONA
11940,HEEL ARTHROZEEL SL x50COMP,FITOTERAPIA,12446,HEEL,FITOTERAPIA
11979,HEEL ENGYSTOL x 50 COM.SL,FITOTERAPIA,9926,HEEL,FITOTERAPIA
11939,HEEL GRIPP-HEEL COM.SL 50,FITOTERAPIA,10078,HEEL,FITOTERAPIA
11983,HEEL NEUREXAN x 50 COM SL,FITOTERAPIA,8682,HEEL,FITOTERAPIA
11980,HEEL TRAUMEEL S x 50 COM.SL,FITOTERAPIA,9836,HEEL,FITOTERAPIA
11897,HEXALECTOL X 50 GRAGEAS,ACIDO GLUTAMICO/ VITAMINA B6,-,SYNTHON,SUPLEMENTO ALIMENTICIO
10067,HIDRALAZINA 50MG 20CR,HIDRALAZINA,1070,CHILE,CARDIOVASCULAR
10098,HIDROCLOROTIAZIDA 50MG X20 COMP.,HIDROCLOROTIAZIDA,564,CHILE,CARDIOVASCULAR
10466,HIDROCORTISONA 1% CREMA,HIDROCORTISONA 1% CREMA,1273,CHILE,DERMATOLOGICO
9510,HIDROCORTISONA 20 MG CAJ 20 CM,HIDROCORTISONA 20MG,3921,CHILE,ALERGIA
9741,HIDRORONOL-T X60 COMP.,HIDROCLOROTIAZIDA,7061,ITF-LABOMED,CARDIOVASCULAR
9313,HIPERFLEX UD SACHET X 35 SOBRES,GLUCOSAMINA 1500MG. CONDROITINA 800MG,-,RECALCINE,ARTRITIS. ARTROSIS Y OSTEOPOROSIS
15258,HIPOGLOS POMADA 120GR,DERMATOLOGICO,3435,ANDROMACO,CICATRIZANTE
10496,HIPOGLUCIN LP 1000mg X60COM,METFORMINA 1000MG XR,17418,CHILE,CARDIOVASCULAR
10535,H-VIT X 400 COMPRIMIDOS,VITAMINAS,8616,PHARMA INVESTI,SUPLEMENTO ALIMENTICIO
9445,HYABAK SOL.OFT. 10 ML,ACIDO HIALURONICO,16911,PHARMAVISION,OFTALMICO
9573,IBAMES 150mg X1COM.REC.,ACIDO IBANDRONICO 150 MG,5800,ANDROMACO,ARTRITIS. ARTROSIS Y OSTEOPOROSIS
9857,IBANOX 150MG X 1COMP.,ACIDO IBANDRONICO 150 MG,-,PASTEUR,ARTRITIS. ARTROSIS Y OSTEOPOROSIS
11838,IBUPROFENO 400 MG X 20 COMP,IBUPROFENO,371,CHILE,APARATO DIGESTIVO
12122,IBUPROFENO JBE 200MG/ML,IBUPROFENO,-,CHILE,ANALGESICO
9536,IDENA 150mg 1COMP.,ACIDO IBANDRONICO 150 MG,-,TECNOFARMA,ARTRITIS. ARTROSIS Y OSTEOPOROSIS
9279,ILINOL 200mg X30COM.REC,HIDROXICLOROQUINA,15957,PHARMA INVESTI,ARTRITIS. ARTROSIS Y OSTEOPOROSIS
12900,ILTUX 20MG X 28 COMP,OLMESARTAN 20MG,10840,TECNOFARMA,CARDIOVASCULAR
13521,ILTUX HCT 20/12.5 MG X 28 COM,OLMESARTAN 20MG. HCTZDA 12.5MG,9608,TECNOFARMA,CARDIOVASCULAR
9344,IMIPRAMINA 25mg X40COM.,IMIPRAMINA,833,CHILE,SALUD MENTAL
14911,IMPLANON NXT,ETONOGESTREL 68 MG,-,MERCK SHARP & DOHME,HORMONA
12898,INDUCTAL 3 MG X 30 COMP,ESZOPICLONA,4641,DEUTSCHE PHARMA,SALUD MENTAL
10233,INFLADER 10 MG X30 CAPSULAS,ISOTRETINOÍNA,13685,PHARMA INVESTI,ANTIINFECCIOSO
14917,INFLUENZINUM A B C x 200 GLOBULOS,HOMEOPATICO,5795,KNOP,FITOTERAPIA
13266,INMUFEN 250MG X 30CAP,MICOFENOLATO 250MG,11900,ASCEND,INMUNOSUPRESOR Y CANCER
9513,INTAXEL 1 MG CAJ 30 CM,PACLITAXEL,-,CHILE,INMUNOSUPRESOR Y CANCER
7243,Ipatropio Bromuro0.25 mg sol p nebulizar,BROMURO DE IPATROPIO,2165,CATALYSIS,APARATO RESPIRATORIO
9346,IPRAN 20mg X30COM.REC.,ESCITALOPRAM 20MG,-,ABBOTT,SALUD MENTAL
15407,IPRAZYNT HFA 20 MCG FRA 200 D,BROMURO IPATROPIO20 MCG,1772,ASCENDS,APARATO RESPIRATORIO
9906,IRAZEM 10 MG X 30 COMPRIMIDOS,ARIPIPRAZOL 10MG,9556,DEUTSCHE PHARMA,SALUD MENTAL
9907,IRAZEM 15MG X 30 COMPRIMIDOS,ARIPIPRAZOL 15MG,11204,DEUTSCHE PHARMA,SALUD MENTAL
9712,IRBEVITAE 150 mg X 28COMP.,IRBESANTAN 150MG,-,GALENICUM,CARDIOVASCULAR
9347,ISQUELIUM 4 MG CAJ 200 CM,ACENOCUMAROL,-,SYNTHON,CARDIOVASCULAR
14762,IZOFRAN 8 MG X 15 CM,ONDASETRON 8MG,59512,NOVARTIS,APARATO DIGESTIVO
10457,JANUMET 50 /1000 XR X 56 COM,METFORMINA 500MG. SITAGLIPTINA 50MG,36519,MERCK SHARP & DOHME,CARDIOVASCULAR
10593,JANUMET 50/850 X 56 COMPRIMIDOS,METFORMINA 850MG. SITAGLIPTINA 50MG,27655,MERCK SHARP & DOHME,CARDIOVASCULAR
10458,JANUVIA 100MG X 28 COMPRIMIDOS,SITAGLIPTINA,25223,MERCK SHARP & DOHME,CARDIOVASCULAR
9286,JARABE PROPOLEO+C X 125 ML,MULTIVITAMINICO,1216,SUPLALIM,SUPLEMENTO ALIMENTICIO
14573,JARDIANCE 10 mg x 30,EMPAGLIFLOZINA,21214,BOEHRINGER INGELHEIM,CARDIOVASCULAR
10045,JARDIANCE 25 mg x 30,EMPAGLIFLOZINA,27529,BOEHRINGER INGELHEIM,CARDIOVASCULAR
9461,JERINGA 5 ML X UNIDAD,INSUMO MEDICO,26,NIPRO,INSUMO MEDICO
14565,KALITIUM 300 MG CAJ 50 CM,CARBONATO DE LITIO,7017,EUROFARMA,SALUD MENTAL
14117,KALITIUM LP 450MG X 30COM,CARBONATO DE LITIO,6866,EUROFARMA,SALUD MENTAL
11135,KALOBA GOTAS X 50 ML,FITOTERAPIA,7717,PHARMA INVESTI,APARATO RESPIRATORIO
14860,KARTIGEL X 30 SOBRES,COLAGENO,7497,KNOP,SUPLEMENTO ALIMENTICIO
9846,KETANOR SL 30MG X 4 COMPRIMIDOS,KETOROLACO,-,ITF-LABOMED,ANALGESICO
15320,KETOROLACO 10MG X 10COMP,KETOROLACO 10 MG,371,CHILE,ANALGESICO
15318,KITADOL 500MG X 24COMP,PARACETAMOL 500MG,724,CHILE,ANALGESICO
9705,KOMBIGLIZE 2.5/1000,SAXAGLIPTINA. METFORMINA,24457,ASTRAZENECA,CARDIOVASCULAR
10175,KOMBIGLYZE 5/1000 X 28COMP.,SAXAGLIPTINA. METFORMINA,22371,ASTRAZENECA,CARDIOVASCULAR
12220,KOPODEX 1000 mg x 30,LEVETIRACETAM 500MG,10696,RECALCINE,EPILEPSIA
9494,LACOSAMIDA 100 MG X 30 COM,LACOSAMIDA,14037,SEVEN PHARMA,EPILEPSIA
7817,LACTULOSA FCO 200 ML,LACTULOSA,1731,PASTEUR,APARATO DIGESTIVO
10276,LAMOTRIGINA 100MG X 30 COMP. RECUBIERTO,LAMOTRIGINA 100mg,3575,CHILE,SALUD MENTAL
10278,LAMOTRIGINA 50MG X 30 COMP. RECUBIERTO,LAMOTRIGINA 50mg,3314,CHILE,SALUD MENTAL
9866,LAMUCON 500 MG 50 FCT CL,MICOFENOLATO 500MG,-,SANDOZ,INMUNOSUPRESOR Y CANCER
9195,Lancetas CareSens x 50 uds.,INSUMO MEDICO,4145,I SENS,INSUMO MEDICO
11743,LANSOPRAZOL 30MG x30CAP L.CHILE,LANSOPRAZOL 30MG,1084,CHILE,APARATO DIGESTIVO
11558,LANTUS GLARGINA 100UI/ML FCO 10ML .,INSULINA,36169,SANOFI AVENTIS,CARDIOVASCULAR
9967,LAROTABE x 60 CAPSULAS,VITAMINA,16625,BAYER,SUPLEMENTO ALIMENTICIO
12191,LATANOP/TIMOLOL SOL. OFT. 5 ML CAJ 1 FRA,LATANOPROST. TIMOLOL,2864,OPKO,OFTALMICO
9626,LATANOPROST 0.005% SOF.X 2.5ml,LATANOPROST 0.005%,1582,SAVAL,OFTALMICO
9463,LEODRIN 70 X12COM.,ACIDO ALENDRONICO 70 MG,-,RECALCINE,ARTRITIS. ARTROSIS Y OSTEOPOROSIS
9400,LEROGIN COMP. X30,CLIDINIO CLORODIAZEPOXIDO,-,RECALCINE,APARATO DIGESTIVO
14795,LERTUS GEL POMO X 60 GRS,DICLOFENACO GEL,5973,TECNOFARMA,ANALGESICO
11839,LETICO 100MG X 30 COMP.REC,LAMOTRIGINA 100mg,-,EUROFARMA,SALUD MENTAL
11994,LETICO 25 MG x 30 COMP,LAMOTRIGINA 25mg,2266,EUROFARMA,SALUD MENTAL
9713,LETROVITAE 2.5MG X 30COMP.,LETROZOL 2.5MG,-,GALENICUM CHILE,INMUNOSUPRESOR Y CANCER
9348,LEVEPSY 500 MG X 30 COMP,LEVETIRACETAM 500MG,-,INDOPHARMA,EPILEPSIA
10777,LEVETIRACETAM 1000 MG CAJ 30 CM,LEVETIRACETAM 1000MG,8040,SEVEN PHARMA,EPILEPSIA
11822,LEVETIRACETAM 500 MG CAJ 30 CM,LEVETIRACETAM 500MG,3094,SEVEN PHARMA,EPILEPSIA
9896,LEVEVITAE 1000 MG X30 COMPRIMIDOS,LEVETIRACETAM 1000MG,8062,GALENICUM,EPILEPSIA
10041,LEVEVITAE 500MG X30 COMPRIMIDOS,LEVETIRACETAM 500MG,6385,GALENICUM,EPILEPSIA
11017,LEVOCETIRIZINA 5 MG X 30 CM,LEVOCETIRIZINA 5MG,1398,SEVEN PHARMA,ALERGIA
14874,LEVOFLOXACINO 500 MG. X 7 COMP,LEVOFLOXACINO 500MG,-,PASTEUR,ANTIINFECCIOSO
12077,LEVORIGOTAX 5 MG X 60 COM,LEVOCETIRIZINA 5MG,-,PRATER,ALERGIA
10214,LEVOTIROXINA 75 MCG CAJ 56 CM,CLOTRIMAZOL 1% PVO,2290,PHARMA INVESTI,ANTIINFECCIOSO
10589,LIBERAT 120MG X 90 CAPSULAS,ORLISTAT,33698,CHILE,APARATO DIGESTIVO
14095,LIPOX 80MG X 30COM,ATORVASTATINA 80MG,-,CHILE,CARDIOVASCULAR
10096,LIREX 2.5mg X 30 COMPRIMIDOS,TIBOLONA 2.5 MG,4660,SILESIA,HORMONA
10822,LORATADINA 10MG X30X(BE),LORATADINA,391,CHILE,DERMATOLOGICO
11787,LORATADINA 5mg/5ml JBE.X120ml,LORATADINA,777,MEDIPHARM,ALERGIA
11783,LOSAPRES 100mg X30COM.REC,LORATADINA,12353,PHARMA INVESTI,CARDIOVASCULAR
14126,LOSAPRES 50MG X 30COM,LOSARTAN 50MG,13411,PHARMA INVESTI,CARDIOVASCULAR
10537,LOSAPRES D 100/25MG X 30 COMPRIMIDOS,LOSARTAN 100MG. HCTZDA 25MG,-,PHARMA INVESTI,CARDIOVASCULAR
9613,LOSAPRES D 50/12.5 X30COM.,LOSARTAN 50MG. HCTZDA 12.5MG,-,PHARMA INVESTI,CARDIOVASCULAR
10832,LOSARTAN 100MG CJX30 COMP,LOSARTAN 100MG,1222,CHILE,CARDIOVASCULAR
9891,LOSARTAN 50MG X 30,LOSARTAN 50MG,623,CHILE,CARDIOVASCULAR
11993,LUCASTE 4MG X 30 COM MAST.,MONTELUKAST,-,EUROFARMA,APARATO RESPIRATORIO
11390,LUMIGAN 0.03% SOL OFT 3ML CAJ 1 FRA,BIMATOPROST,8463,ALLERGAN,OFTALMICO
9990,LUVOX 100MG X 30 COMPRIMIDOS,FLUVOXAMINA,21472,ABBOTT,SALUD MENTAL
9514,MACROSAN 50 MG CAJ 30 CP,NITROFURANTOINA,2292,SANITAS,SALUD MENTAL
10251,MADELEN 1 MG X 30 COMP (ANASTRAZOL),ANASTRAZOL 1 MG,3575,ABBOTT,INMUNOSUPRESOR Y CANCER
11773,MAGNATIL C CALCICO COMPRIMIDOS EFERVESCE,MAGNESIO,14631,TECNOFARMA,SUPLEMENTO ALIMENTICIO
9537,MAGNATIL C X30 COMP. EFERVESCENTE,MAGNESIO,14245,TECNOFARMA,SUPLEMENTO ALIMENTICIO
14861,MAGNESIO + ZINC + VIT C COMP EFER X 20,MAGNESIO. ZINC. VIT C,5891,KNOP,SUPLEMENTO ALIMENTICIO
13593,MAGNESIO 400 mg x 60 Comp,MULTIVITAMINICO,-,NUTRAPHARM,SUPLEMENTO ALIMENTICIO
10386,MAGNESIO 400MG X 30 TABLETAS,MAGNESIO,2390,NUTRALINE,SUPLEMENTO ALIMENTICIO
10525,MALTOFER 100MG X 30 COMP. MASTICABLES,HIERRO,7985,ANDROMACO,SUPLEMENTO ALIMENTICIO
10526,MALTOFER 100MG/5ML X 10 AMPOLLAS,HIERRO AMPOLLAS,12763,ANDROMACO,SUPLEMENTO ALIMENTICIO
11886,MALTOFER FOL PLUS X30 COMP.,HIERRO,-,ANDROMACO,SUPLEMENTO ALIMENTICIO
10995,MALTOFER GOTAS X 30 ML,HIERRO GOTAS,7087,ANDROMACO,SUPLEMENTO ALIMENTICIO
12189,MANOL 100 MG/ML FRASCO 10 ML,TRAMADOL 100MG/ML,559,ABBOTT,ANALGESICO
10295,MARILOW X 28 COMPRIMIDOS,ESTRADIOL 1.5 MG. NOMEGESTROL 2.5 MG,8794,RECALCINE,HORMONA
11611,MECOLZINE 500 MG CAJA X 100 CM,MESALAZINA,18845,FAES PHARMA,APARATO DIGESTIVO
14987,MEDIA COMPRESORA DOBLE CAPA JOBST,INSUMO MEDICO,38237,BSN MEDICAL SPA,INSUMO MEDICO
9361,MEDROL 16 MG X14 CM,METILPREDNISOLONA,26070,PFIZER,ALERGIA
9362,MEDROL 4mg X20COM,METILPREDNISOLONA,13243,PFIZER,ALERGIA
15527,MELATOTINA 3MG X 30,MELATONINA,1490,ARAMA,SALUD MENTAL
9163,MELIPASS CAPS.X24,MELISSA. PASIFLORA,2213,KNOP,FITOTERAPIA
9727,MEMANTINA 10 MG CAJ 60 CM REC,MEMANTINA 10 MG,4584,ABBOTT,SALUD MENTAL
9281,MESALAZINA 500 MG SUPOS CJ 60,MESALAZINA,45839,PHARMAMERICA,APARATO DIGESTIVO
12167,MESTINON 60MG X 100 COMP,PIRIDOSTIGMINA,-,DEUTSCHE PHARMA,CARDIOVASCULAR
11559,METFORMINA 850MG. X30COMRIMIDOS,METFORMINA 850MG,-,CHILE,CARDIOVASCULAR
9875,METFORMINA 850MG. X60COMRIMIDOS,METFORMINA 850MG,1467,CHILE,CARDIOVASCULAR
14982,METFORMINA LP 500 MG X 30,METFORMINA 500MG LP,1604,ASCENDS,CARDIOVASCULAR
11608,METFORMINA LP 750 MG X 30 CM,METFORMINA 500MG. GLIBENCLAMIDA 5MG,2521,CHILE,CARDIOVASCULAR
10467,METICEL X 10 ML SOL.OFTALMICA,HIPROMELOSA,-,SOPHIA,OFTALMICO
13511,METOCLOPRAMIDA 10MG X 24COMP,METOCLOPRAMIDA,476,CHILE,APARATO DIGESTIVO
10752,METORENE 50 MG X 30 COMPRIMIDOS,CLORTALIDONA,7663,PHARMA INVESTI,CARDIOVASCULAR
9363,METOTREXATO 2.5mg X100COM,METOTREXATO,5822,CHILE,INMUNOSUPRESOR Y CANCER
15411,METRONIDAZOL 500 MG X 10 OV VAGINAL,METRONIDAZOL 500 MG,3789,PASTEUR,ANTIINFECCIOSO
15234,METROPAST 500MG X 20 COMP,METRONIDAZOL 500 MG,7192,PASTEUR,ANTIINFECCIOSO
15000,MICARDIS 80 MG X 28 COMP,TELMISARTAN 80 MG,22050,BOEHRINGER INGELHEIM,CARDIOVASCULAR
10262,MICARDIS AMLO 80/10MG X 28 COMPRIMID,AMLODIPINO 10 MG. TELMISARTÁN 80 MG,-,BOEHRINGER INGELHEIM,CARDIOVASCULAR
9235,MICARDIS PLUS 40/12.5 X28CO,TELMISARTAN 40 MG. HCTZDA 12.5MG,22044,BOEHRINGER INGELHEIM,CARDIOVASCULAR
11127,MICARDIS PLUS 80/12.5 MG X 28 COMP,TELMISARTAN 80 MG. HCTZDA 12.5MG,22032,BOEHRINGER INGELHEIM,CARDIOVASCULAR
10224,MICROGYNON CD X 28 COMPRIMIDOS,ETINILESTRADIOL 30MCG. LEVONORGESTREL 0.15MG,6621,BAYER,HORMONA
10189,MICROGYNON X 21 GRAGEAS,ETINILESTRADIOL 30MCG. LEVONORGESTREL 0.15MG,-,BAYER,HORMONA
9530,MICROSER 24 MG X30 COMP,BETAHISTINA,-,GRUNENTHAL,VERTIGO
9523,MIRAGRAN 2.5 MG CAJ 10 COM REC,NARATRIPTAN,6768,PHARMA INVESTI,ANALGESICO
11717,MOMETASONA 1% CREMA 15 GR,FUROATO DE MOMETASONA,2164,RAFFO,APARATO RESPIRATORIO
14651,MONDRIAN 150 MG CAJ 100 CM,BUPROPION,-,ANDROMACO,SALUD MENTAL
9876,MONEZ 50MCG SPRAY NASAL,MOMETASONA,2801,CHILE,ALERGIA
9194,MONITOR GLICEMIA CARESENS,INSUMO MEDICO,12889,I SENS,INSUMO MEDICO
14494,MONITOR PRESION ARTERIAL DIGITAL MOD. UA,INSUMO MEDICO,29144,OLTRA,INSUMO MEDICO
14654,MONTELUKAST 10 MG CAJ 30 CM,MONTELUKAST,5211,SEVEN PHARMA,ALERGIA
13268,MONTELUKAST 4MG X 30COMP,MONTELUKAST,5802,SEVEN PHARMA,ALERGIA
11016,MONTELUKAST 5 MG CAJ 30 CM,MONTELUKAST,1726,SEVEN PHARMA,ALERGIA
9259,MOVIGIL 100mg X30COM.,MODAFINILO,8557,BAGO,SALUD MENTAL
9260,MOVIGIL 200mg X30COM.,MODAFINILO,16260,BAGO,SALUD MENTAL
9275,MOXIFLOXACINO ( ALMAXOL) 400 MG CAJ 10 C,MOXIFLOXACINO,7121,SEVEN PHARMA,ANTIINFECCIOSO
10119,MULCATEL SUSP 10% FCO X 200 ML.,SUCRALFATO,7128,ABBOTT,APARATO DIGESTIVO
15109,MULTI MEN - 60 TABS,MULTIVITAMINICO,6854,NUTRALINE,SUPLEMENTO ALIMENTICIO
15240,MULTI SENIOR 60 TABLETAS,VITAMINAS,6859,NUTAPHARM,SUPLEMENTO ALIMENTICIO
15141,MULTI WOMAN - 60 TABS,MULTIVITAMINICO,6859,NUTRALINE,SUPLEMENTO ALIMENTICIO
14887,MULTIVIT + PROB x 60,MULTIVITAMINICO,-,NUTRAPHARM,SUPLEMENTO ALIMENTICIO
14902,MUNO START X 30 SOBRES,PROBIÓTICOS,17329,AXON PHARMA,SUPLEMENTO ALIMENTICIO
10532,MUPIROCINA 2% UNG,MUPIROCINA 2%,2427,ASCENDS,ANTIINFECCIOSO
15315,NAPROXENO 550MG X 10 COMP,NAPROXENO 500 MG,717,ANDROMACO,ANALGESICO
10198,NASTUL COMPUESTO X 10 COMP,PARACETAMOL. PSEUDOEFEDRINA. CLORFENAMINA,760,SANITAS,ANALGESICO
9528,NASTUL JARABE 125/30/2MG/5 ML FRA,PARACETAMOL. PSEUDOEFEDRINA. CLORFENAMINA,-,SANITAS,ANALGESICO
10135,NAT 100 CALORICO X 450GRAMOS,SUPLEMENTO ALIMENTICIO,2459,BOSTON,SUPLEMENTO ALIMENTICIO
11312,NAT 100 PEDIATRICO 900 GRAMOS,SUPLEMENTO ALIMENTICIO,-,BOSTON,SUPLEMENTO ALIMENTICIO
10134,NAT 100 PROTEICO X 250 GRAMOS,SUPLEMENTO ALIMENTICIO,7468,BOSTON,SUPLEMENTO ALIMENTICIO
10111,NEBIDO SOL. INYECTABLE 4ML,UNDECANOATO DE TESTOSTERONA 1 MG (Eq 631.5 MG),69598,BAYER,HORMONA
9632,NEFERSIL FAST 125mg X10CAP,CLONIXINATO DE LISINA,2715,PHARMA INVESTI,ANALGESICO
9137,NEO ALERTOP 5mg X30COM.RE,LEVOCETIRIZINA 5MG,-,CHILE,ALERGIA
14012,NEO ALERTOP GTS X 20ML,LEVOCETIRIZINA GOTAS,7169,CHILE,ALERGIA
9245,NEO ALLEDRYL 5 MG X 30 COMPR,DESLORATADINA,-,PRATER,ALERGIA
11877,NEORESOTYL 150mg X30COM.,ARMODAFINILO,7640,RECALCINE,SALUD MENTAL
10228,NEPOKARE 10MG POR 30 COMPRIMIDOS,DONEPEZILO,7217,ADN FARMACEUTICA,SALUD MENTAL
14765,NEUPOGEN 300 MCG/0.5 ML X 1 JER PRECARG,FILGRASTIM 300MCG,-,TECNOFARMA,HORMONA
10176,NEXIUM 10MG X 28 SOBRES,ESOMEPRAZOL 10MG,20016,ASTRAZENECA,APARATO DIGESTIVO
9706,NEXIUM 20 MG X 28 COMP,ESOMEPRAZOL 20MG,12700,ASTRAZENECA,APARATO DIGESTIVO
9769,NEXIUM 40MG X 28 COMP,ESOMEPRAZOL 40MG,22204,ASTRAZENECA,APARATO DIGESTIVO
10429,NEZEL XR 75MG X 30 CAP (VENLAFAXINA),VENLAFAXINA,-,MINTLAB,SALUD MENTAL
9620,NICO DROPS SOF.X10ml,LUBRICANTE OCULAR,11614,SAVAL,OFTALMICO
9614,NICOTEARS GEL OF.X3.5g,LUBRICANTE OCULAR,9459,SAVAL,OFTALMICO
9252,NICOTEARS SOF.X20ml CAJA,LUBRICANTE OCULAR,7927,SAVAL,OFTALMICO
10288,NIFEDIPINO 20 MG X 30 COMPR. REC,NIFEDIPINO,-,CHILE,CARDIOVASCULAR
9763,NOLVADEX-D 20 MG X 30 COMP,TAMOXIFENO,7164,ASTRAZENECA,INMUNOSUPRESOR Y CANCER
9970,NOOTROPYL 800 MG X 30 COMPRIMIDOS,PIRACETAM,-,GLAXOSMITHKLINE,SALUD MENTAL
10188,NORMIX 200MG x 24,RIFAXIMINA,14386,ANDROMACO,ANTIINFECCIOSO
14041,NUM-ZIT 10MG X 30COM,VITAMINA,4771,ANDROMACO,SUPLEMENTO ALIMENTICIO
11625,NUM-ZIT 15MG X30 COM,VITAMINA,-,ANDROMACO,SUPLEMENTO ALIMENTICIO
10363,NUM-ZIT GOTAS 25ML,VITAMINA,3827,ANDROMACO,SUPLEMENTO ALIMENTICIO
10459,NUVARING ANILLO VAGINAL,ETINILESTRADIOL 15MCG. ETONOGESTREL 120 MCG,11305,MERCK SHARP & DOHME,HORMONA
9997,OFTAFILM 0.4% SOFTALMICA X 10ML,HIALURONATO DE SODIO,6913,SAVAL,OFTALMICO
12155,OFTAFILM SP COLIRIO X 10ML,HIALURONATO DE SODIO,10995,SAVAL,OFTALMICO
11779,OFTALER 0.025% COLIRIO X 10 ML,KETOTIFENO,17202,SAVAL,OFTALMICO
13134,OFTALER FORTE SOL OFT X 10 ML,KETOTIFENO,20381,SAVAL,OFTALMICO
15181,OFTAVITA x 30 COMP,LUTEINA. OTROS,9282,SAVAL,OFTALMICO
11887,OFTOL 0 .2% SOL.OFT.X 5 ML,LOTEPREDNOL,13485,SAVAL,OFTALMICO
9708,OLANVITAE 10MG X28 COMP.,OLANZAPINA 10MG,-,GALENICUM,SALUD MENTAL
9709,OLANVITAE 5 MG X28COMP,OLANZAPINA 5MG,5742,GALENICUM,SALUD MENTAL
14976,OLOF SOL OFTALMICA 5ML,OLOPATADINA,11837,SAVAL,OFTALMICO
10443,OLTAN AMLO 40/10 MG X 30 COMPRIMIDOS,OLMESARTAN 40MG. AMLODIPINO 10MG,10941,ITF-LABOMED,CARDIOVASCULAR
10501,OMACOR X 28 CAPSULAS,ÁCIDOS GRASOS POLIINSATURADOS,14641,FERRER,SUPLEMENTO ALIMENTICIO
9331,OMEGA 3 1000MG X 30 CAPS,MULTIVITAMINICO,1276,SUPLALIM,SUPLEMENTO ALIMENTICIO
10376,OMEPRAZOL 20MG X 60 CAPSULAS,OMEPRAZOL 20MG,1304,CHILE,APARATO DIGESTIVO
10216,ONDANVITAE 8mg X 10 COMPRIMIDOS,ONDASETRON 8MG,-,GALENICUM,APARATO DIGESTIVO
10057,ONGLYZA 5 MG X 28 COMPRIMIDOS,SAXAGLIPTINA,20860,ASTRAZENECA,CARDIOVASCULAR
11560,ORALGENE 0.12% X 120 ML COLUTORIO,COLUTORIO,1999,MAVER,INSUMO MEDICO
10372,OSTEOKER 4MG/5ML 1 AMPOLLA,ACIDO ZOLEDRÓNICO,-,SYNTHON,ARTRITIS. ARTROSIS Y OSTEOPOROSIS
12709,OXILIN 0.05% SOL. NASAL 15ML,OXIMETAZOLINA,4318,PASTEUR,APARATO RESPIRATORIO
14859,PALTOMIEL JBE ADULTO X 200 ML,JARABE ANTITUSIVO,1716,KNOP,SUPLEMENTO ALIMENTICIO
14696,PAÑ CALZN M NATEEN PULL UP FLEXI BAS,INSUMO MEDICO,5355,PROTECCIONES TECNOLOGIAS,INSUMO MEDICO
14694,PAÑAL ADULTO TALLA L X 30,INSUMO MEDICO,14630,PROTECCIONES TECNOLOGIAS,INSUMO MEDICO
11944,PARODOX 20MG x30 COMP,PAROXETINA,-,EUROFARMA,SALUD MENTAL
9767,PASMITEX 5MG/ML SOL,PARGAVERINA,-,MEDBIOTEC,APARATO DIGESTIVO
9308,PAXON 10MG X 20 COMP.,BUSPIRONA,-,SAVAL,SALUD MENTAL
15323,PEDIASURE SABOR CHOCOLATE 900GR,.SUPLEMENTO ALIMENTICIO,-,ABBOTT,SUPLEMENTO ALIMENTICIO
14806,PEDIASURE SABOR VAINILLA 900 GR,SUPLEMENTO ALIMENTICIO,-,ABBOTT,SUPLEMENTO ALIMENTICIO
12157,PENTASA 1G X 28 SUPOSITORIOS,MESALAZINA,58827,FERRING,ANTIINFECCIOSO
14716,PENTINOR 150 MB X 40 CAP,PREGABALINA 150MG,-,ASCENDS,ANALGESICO
14904,PERENTERYL 250 MG X 10 CAPSULAS,SACCHAROMYCES BOULARDII,8379,AXON PHARMA,SUPLEMENTO ALIMENTICIO
14903,PERENTERYL 250 MG X 10 SOBRES,SACCHAROMYCES BOULARDII,8302,AXON PHARMA,SUPLEMENTO ALIMENTICIO
9621,PERTIUM 5MG X 30 COMPRIMIDOS,NEBIVOLOL 5MG,9496,SAVAL,CARDIOVASCULAR
9182,PIASCLEDINE X30CAP.,PIASCLEDINE,16861,PHARMA INVESTI,ARTRITIS. ARTROSIS Y OSTEOPOROSIS
12226,PLANIDEN ODT 10 MG X 30 COMPRIMIDOS DISP,CLOTIAZEPAM,-,RECALCINE,SALUD MENTAL
12225,PLANIDEN ODT 5 MG X 30 COMPRIMIDOS DISP.,CLOTIAZEPAM,3414,RECALCINE,SALUD MENTAL
14785,PLENICA 75 MG X 30 COMPRIMIDOS,PREGABALINA 75MG,5997,DEUTSCHE PHARMA,ANALGESICO
9315,PLEXUS X30 COMP,DEXCLORFERAMINA- BETAMETASONA,-,RECALCINE,ALERGIA
12158,PLURIAMIN X 30 COMPRIMIDOS,DOXILAMINA,6150,RECALCINE,APARATO DIGESTIVO
9858,PLUSCAL X 30 COMP,CARBONATO DE CALCIO VITAMINA D,12965,PASTEUR,SUPLEMENTO ALIMENTICIO
9571,PLUSTER 50mcg NEB.X120DS.,MOMETASONA,-,DEUTSCHE PHARMA,APARATO RESPIRATORIO
11889,PRADAXA 110 MG X 60 CAPS,DABIGATRAN,51005,BOEHRINGER INGELHEIM,CARDIOVASCULAR
10268,PRADAXA 150 MG X 60COMPRIMIDOS,DABIGATRAN,51195,BOEHRINGER INGELHEIM,CARDIOVASCULAR
9287,PRAYANOL 100mg CAP,AMANTADINA,7801,SANITAS,ANTIINFECCIOSO
9622,PREDESCAL (CALCITRIOL) 0.25 MG X 30,CALCITRIOL,-,BPH,SUPLEMENTO ALIMENTICIO
12188,PREDNISONA 20 MG X 20 COMPRIMIDOS,PREDNISONA 20MG,1518,ANDROMACO,APARATO RESPIRATORIO
9516,PREDNISONA 20 MG/5 ML,PREDNISONA 20 MG/5ML,2883,PASTEUR,APARATO RESPIRATORIO
14676,PREGABALINA 150 MG X 30 COMP,PREGABALINA 150MG,2014,SEVEN PHARMA,ANALGESICO
9940,PREGABALINA 75 MG X 30,PREGABALINA 75MG,-,PHARMA INVESTI,ANALGESICO
9271,PREGABALINA 75 MG X 500 CAP,PREGABALINA 75MG,-,ANDROMACO,ANALGESICO
9151,PREGALEX 75mg X30COM.,PREGABALINA 75MG,-,ANDROMACO,ANALGESICO
14895,PREGALIN 75 MG x 30 COMP,PREGABALINA 75MG,4301,ITF-LABOMED,ANALGESICO
9648,PREGASTAR 150 MG CAJ 28 CP,PREGABALINA 150MG,-,NOVARTIS,ANALGESICO
10849,PREGASTAR 75 MG CAJ 28 CP,PREGABALINA 75MG,-,NOVARTIS,ANALGESICO
9291,PRESTAT 75 MGX40,PREGABALINA 75MG,-,BAGO,ANALGESICO
9738,PRIMAQUIN 1 MG X 30 COMP,ESTRADIOL 1 MG,5629,RECALCINE,HORMONA
10311,PRIMAQUIN 2MG X 30 COMP.,ESTRADIOL 2 MG,5633,RECALCINE,HORMONA
14853,PRISTIQ 100 MG X 28 COMP REC,DESVENLAFAXINA,56610,PFIZER,SALUD MENTAL
9474,PROBIO 3 X 30 CAPS,MULTIVITAMINICO,3119,SUPLALIM,SUPLEMENTO ALIMENTICIO
11969,PRODEL JBE. 2 MG/5ML X 120ML,CLORFENAMINA,-,PASTEUR,ALERGIA
10263,PROGENDO 100MG X 30 CAPSULAS,PROGESTERONA 100 MG,-,RECALCINE,HORMONA
10264,PROGENDO 200MG X 30 CAP. BLANDAS,PROGESTERONA 200 MG,14149,RECALCINE,HORMONA
10266,PROGESTERONA 200MG X 30,PROGESTERONA 200 MG,6150,BPH,HORMONA
10523,PROGRAF XL 1MG X 50 CAPSULAS,TACROLIMUS,104987,GADOR,INMUNOSUPRESOR Y CANCER
10522,PROGRAF XL 0.50MG X 50 COMPRIMIDOS,TACROLIMUS,68032,GADOR,INMUNOSUPRESOR Y CANCER
10579,PROLIA 60 MG X1 JERINGA PRELLENADA,DENOSUMAB,154974,TECNOFARMA,ARTRITIS. ARTROSIS Y OSTEOPOROSIS
11249,PROLOPA 250 X 30 COMP,SUPLEMENTO ALIMENTICIO,-,RENOVA,SUPLEMENTO ALIMENTICIO
10850,PROLOPA HBS 100/25 MG CAJ 30 CP,LEVODOPA 100MG. BENSERAZIDA 25MG,-,ROCHE,PARKINSON
14848,PROPOLAB-C JARABE 125 ML,PROPOLEO,-,PRODUCTOS NATURALES CHILE,FITOTERAPIA
9488,PROPOLEO C FORTE X 60 CAPS,MULTIVITAMINICO,1358,SUPLALIM,SUPLEMENTO ALIMENTICIO
9565,QLAIRA X28COM.REC.,ESTRADIOL. DIENOGEST MULTIFASICO,-,BAYER,HORMONA
9564,QUETIAPINA 100mg X30COM.,QUETIAPINA 100MG,2570,SEVEN PHARMA,SALUD MENTAL
12236,QUETIAPINA 200 MG CAJ 30 CM REC LIB PROL,QUETIAPINA 200MG XR,-,SAVAL,SALUD MENTAL
9912,QUETIAPINA 25MG X30 COMPRIMIDOS,QUETIAPINA 25MG,-,SEVEN PHARMA,SALUD MENTAL
12180,QUETIAZIC 25MG X 60 COMPRIMIDOS,QUETIAPINA 25MG,16617,TECNOFARMA,SALUD MENTAL
9989,QUETIDIN 25 MG X 30 COMPRIMIDOS,QUETIAPINA 25MG,-,RECALCINE,SALUD MENTAL
9730,QUETIDIN XR 50mg X30COM,QUETIAPINA 50MG XR,-,RECALCINE,SALUD MENTAL
10361,QUETIDIN XR REC LIB PROL 200 MG X 30,QUETIAPINA 200MG XR,-,RECALCINE,SALUD MENTAL
10211,QURAX 25 MG. x 30 COMPRIMIDOS,QUETIAPINA 25MG,10966,PHARMA INVESTI,SALUD MENTAL
11301,RADIGEN 1 MG GOTAS X 30 ML,RISPERIDONA 1MG/ML,7485,MEDIPHARM,SALUD MENTAL
10819,RECAMICINA COMP RECUBIERTOS 500 MG x10,LEVOFLOXACINO 500MG,4625,ABBOTT,ANTIINFECCIOSO
15250,REGENESIS UP X 30 CAP,VITAMINAS,7735,EXELTIS,SUPLEMENTO ALIMENTICIO
10365,RELVAR 184/22 mcg INHALADOR,FLUTICASONA 184MCG. VILANTEROL 22MCG,33035,GLAXOSMITHKLINE,APARATO RESPIRATORIO
9499,REUMAZINE 200MG CAJ 30 CM REC,HIDROXICLOROQUINA,4982,SANITAS,ARTRITIS. ARTROSIS Y OSTEOPOROSIS
15322,REUMAZINE 200MG X 300 COM,HIDROXICLOROQUINA,-,SANITAS,ARTRITIS. ARTROSIS Y OSTEOPOROSIS
9740,RIBOLAC 200mg X10COM.,RIFAXIMINA,-,RECALCINE,ANTIINFECCIOSO
15260,RIMIVAT 75MG X 10CAPSULAS,OSELTAMIVIR,22953,ANDROMACO,ANTIVIRAL
15261,RIMIVAT SUSPENSION 75ML,OSELTAMIVIR,31892,ANDROMACO,ANTIVIRAL
13306,RINOBANEDIF UNG.NASAL 10GRS,BACITRACINA,8114,BAGO,ANTIINFECCIOSO
9153,RINOVAL 50mcg NEB.X120DS.,MOMETASONA,-,SAVAL,APARATO RESPIRATORIO
9653,RISPERIDONA 3 MG CAJ 100 CM,RISPERIDONA 3MG,-,ANDROMACO,SALUD MENTAL
9654,RITMENAL 400 MG CAJ 30 CP,GABAPENTINA 400MG,-,SANITAS,SALUD MENTAL
11747,RITMOCOR 150 MG X 20 COMPRIMIDOS,PROPAFENONA,-,RECALCINE,CARDIOVASCULAR
14845,RITMOCOR 300 MG X 20 COMPRIMIDOS,PROPAFENONA 300MG,15933,RECALCINE,CARDIOVASCULAR
11966,ROSAT 10 MG X 30 COMP,ROSUVASTATINA 10MG,-,PASTEUR,CARDIOVASCULAR
11967,ROSAT 20 MG X 30 COMP,ROSUVASTATINA 20MG,-,PASTEUR,CARDIOVASCULAR
9711,ROSIMOL 10MG X 30,ROSUVASTATINA 10MG,-,GALENICUM,CARDIOVASCULAR
14567,ROSIMOL 20 MG CAJA 30 CM,ROSUVASTATINA 20MG,-,SANDOZ,CARDIOVASCULAR
11217,ROSUVASTATINA 10 MG,ROSUVASTATINA 10MG,1937,SEVEN PHARMA,CARDIOVASCULAR
11547,ROSUVASTATINA 20 MG X 30 COMP. RECUBIERT,ROSUVASTATINA 20MG,7997,SEVEN PHARMA,CARDIOVASCULAR
11989,RUPAFIN 10MG X 30 COM,RUPATADINA,8549,ITF-LABOMED,ALERGIA
14753,SABANILLA MATI 60 X90 CM 10 UN,DISPOSITIVO MEDICO,3528,PROTECCIONES TECNOLOGIAS,INSUMO MEDICO
10255,SACRUSYT HFA 100UG/DO INH 200DO CAJ1 FRA,SALBUTAMOL,875,CHILE,APARATO RESPIRATORIO
10209,SALOFALK 500MG SUPOSITORIO X 30,MESALAZINA,-,BIOTOSCANA,APARATO DIGESTIVO
15398,SEDOPECT JBE 120 ML,CODEINA PARACETAMOL PSEUDOEFEDRINA,1442,SANITAS,APARATO RESPIRATORIO
9877,SENTIS 18.75MG X30 CAPSULAS,FENTERMINA,8375,CHILE,SALUD MENTAL
9878,SENTIS 37.5MG X 30 CAPSULAS,FENTERMINA,16429,CHILE,SALUD MENTAL
9134,SERTRALINA BE COM.50MG.30,SERTRALINA 50MG,1340,CHILE,SALUD MENTAL
13441,SIFROL ER 1.5 MG X 30 COMP,PRAMIPEXOL,58067,BOEHRINGER INGELHEIM,PARKINSON
10126,ENHORA 50 MG X 5 CM,SILDENAFIL,770,CHILE,CARDIOVASCULAR
11654,SIMBRINZA COLIRIO SUSP 5ML,BRIMONIDINA BRINZOLAMIDA,-,NOVARTIS,OFTALMICO
9114,SOBRE TERMICO,INSUMO MEDICO,770,P Y PINTER,INSUMO MEDICO
11538,SOLVOBIL 250 MG CAJ 100 CM,ACIDO URSODEOXICÓLICO,-,ANDROMACO,APARATO DIGESTIVO
13517,SOMIT XR 12.5MG X 30COMP,ZOLPIDEM,-,SAVAL,SALUD MENTAL
10212,SOMNIL 10MG X30 COMPRIMIDOS,ZOLPIDEM,2483,PHARMA INVESTI,SALUD MENTAL
10195,SPASMEX 30 MG X 30 COMPRIMIDOS,TROSPIO,22712,SYNTHON,APARATO GENITOURINARIO
9447,SPASMODOX 40MG X30COMP.,OTILONIO BROMURO,10868,SYNTHON,APARATO GENITOURINARIO
11550,SPIOLTO RESPIMAT X 30 DOSIS,TIOTROPIO,37208,BOEHRINGER INGELHEIM,APARATO RESPIRATORIO
9367,SPIRIVA RESPIMAT SOL INH 2.5 MCG/PULS,TIOTROPIO,35843,BOEHRINGER INGELHEIM,APARATO RESPIRATORIO
9656,SPIRON 1MG/ML SOL ORAL FRA 30ML CAJ 1 UN,RISPERIDONA 1MG/ML,7069,ANDROMACO,SALUD MENTAL
12118,SUBELAN XR 150MG x 30CAPS,VENLAFAXINA,8228,PHARMAVITA,SALUD MENTAL
9657,SUBELAN XR 75 MG L. PROLONG CAJ 30 CM,VENLAFAXINA,5469,EXELTIS,SALUD MENTAL
9248,SULFASALAZINA 500 MG X 100 COMPR,SULFASALAZINA,20569,PHARMAMERICA,APARATO DIGESTIVO
14013,SULFATO FERROSO 200MG X 20COM,SULFATO FERROSO,702,CHILE,SUPLEMENTO ALIMENTICIO
14924,SULIX 0.4 MG X 30 CAPSULAS,TAMSULOSINA,5119,SYNTHON,APARATO GENITOURINARIO
11723,SULPILAN 50 MG CAJ 30 CP,SULPIRIDE,10952,ITF-LABOMED,SALUD MENTAL
9737,SUPRACALM 1g X20COM.,PARACETAMOL,4976,TECNOFARMA,ANALGESICO
10481,SUPRADYN PRENATAL X 30 COMP. REC.,VITAMINA,8292,BAYER,SUPLEMENTO ALIMENTICIO
10402,SYMBICORT 160/4.5 UG/DS X 120 DOSIS,BUDESONIDA 160MG. FORMOTEROL 4.5MG,34597,ASTRAZENECA,APARATO RESPIRATORIO
10267,SYMBICORT 320/9 mcg INHALADOR,BUDESONIDA 320MG. FORMOTEROL 9MG,35936,ASTRAZENECA,APARATO RESPIRATORIO
11968,SYNALLER SUSP. NAS. 50 MCG X 200 DOSIS,MOMETASONA,8318,PASTEUR,APARATO RESPIRATORIO
9535,SYSTANE SOF.X15ml,MACROGOL,19509,ALCON,OFTALMICO
11561,T4 100 MCG X 100 COMPRIMIDOS,LEVOTIROXINA 100 MCG,-,BAGO,HORMONA
12609,TAREG 160 MG X 56 COMP,VALSARTAN,29988,NOVARTIS,CARDIOVASCULAR
14821,TAREG 80 MG X 56 COMP,VALSARTAN,29988,NOVARTIS,CARDIOVASCULAR
11655,TAREG-D 160/12.5 MG X 56 COMP,VALSARTAN. HCTZDA,30721,NOVARTIS,CARDIOVASCULAR
9520,TAXUS 20 MG CJ 30 CM,TAMOXIFENO,1950,TECNOFARMA,INMUNOSUPRESOR Y CANCER
9282,TEARS NATURALE ll SOF.X15ml,DEXTRÁN. HIDROXIPROPILMETILCELULOSA,-,ALCON,OFTALMICO
14819,TEGRETAL 200 MG x 60 CM,CARBAMAZEPINA 200MG,-,NOVARTIS,EPILEPSIA
14595,TEGRETAL CR 200 MG CAJ 60 CM LIB. SOST.,CARBAMAZEPINA 200MG CR,-,NOVARTIS,EPILEPSIA
11077,TEGRETAL CR 400 MG X 60 COMPRIMIDOS,CARBAMAZEPINA 400MG CR,52735,NOVARTIS,EPILEPSIA
14575,TELLMI 40 MG X 30 COMPR,TELMISARTAN 40 MG,12276,SAVAL,CARDIOVASCULAR
14577,TELLMI D 40/12.5MG X30COMP.,TELMISARTAN 40 MG. HCTZDA 12.5MG,12271,SAVAL,CARDIOVASCULAR
15494,TENSIOMAX 10MG X 20 comp,CICLOBENZAPRINA 10 MG,3523,BAGO,SALUD MENTAL
10313,TENSODOX XR 10MG X 20 COMPRIMIDOS,CICLOBENZAPRINA,3819,RECALCINE,SALUD MENTAL
9152,TENSUREN 40 MG CAJ 30 CM,TELMISARTAN 40 MG,7990,ASCENDS,CARDIOVASCULAR
9905,TENSUREN D 80MG/12.5MG,CREMA CORPORAL,8404,DEUTSCHE PHARMA,DERMATOLOGICO
10130,TERBINAFINA 250MG X 28,TERBINAFINA,-,CHILE,ANTIINFECCIOSO
15263,TERMOMETRO CLINICO DIGITAL,INSUMO MEDICO,2021,CARIBEAN PHARMA,INSUMO MEDICO
9508,TESTOSTERONA ENANTATO 250MG CAJ 1 AM,TESTOSTERONA,-,ASPEN,HORMONA
9240,TEXINAL 80 MG CAJ 30 CM,TELMISARTAN 80 MG,16065,ASCENDS,CARDIOVASCULAR
9913,THEALOZ DUO X 10ML,HIALURONATO DE SODIO,19231,PHARMAVISION,OFTALMICO
15405,THROMBO 100 MG CAJ 100 CM,AC. ACETIL SALICILICO 100 MG,943,ASCENDS,CARDIOVASCULAR
9155,THYROZOL 10mg X50COM.REC.,TIAMAZOL 10 MG,14692,MERCK,HORMONA
9663,THYROZOL 5MG X50MG,TIAMAZOL 5 MG,11483,MERCK,HORMONA
9159,TIADIS 2.5mg X30COM,LETROZOL 2.5MG,2411,SYNTHON,CARDIOVASCULAR
9511,TICANASE 50MCG (FLUTICASONA),FLUTICASONA 50 MCG,-,IMPROFAR,APARATO RESPIRATORIO
10756,TILDIEM 60 MG X 20 COMPRIMIDOS,DILTIAZEM 60MG,4500,SANITAS,CARDIOVASCULAR
14113,TIMOLOL 0.5% X 10ML SOL.OFT.,TIMOLOL,666,SOCOFAR,OFTALMICO
9302,TIOF PLUS SOF.X10ml,TIMOLOL -DORZOLAMIDA,19661,SAVAL,OFTALMICO
14989,TKC SHAMPO 2% 200 ML,KETOCONAZOL,10327,PHARMA INVESTI,DERMATOLOGICO
14823,TOALLAS HUMEDASNATEEN ADULTO X 40 UND,DISPOSITIVO MEDICO,1178,PROTECCIONES TECNOLOGIAS,INSUMO MEDICO
10333,TOBRADEX SOL . OFTALMICA 5 ML,TOBRAMICINA. DEXAMETASONA,-,NOVARTIS,ANTIINFECCIOSO
15400,TODINE 2 MG X 30COMP,TOLTERODINA,-,CHILE,APARATO GENITOURINARIO
9262,TOL 12 FTE.10000 X3AMP.,VITAMINA B,4798,SAVAL,SUPLEMENTO ALIMENTICIO
10528,TOL 12 x 20 CAPSULAS,VITAMINAS,7684,SAVAL,SUPLEMENTO ALIMENTICIO
9512,TONARIL 2 MG CAJ 100 CM,TRIHEXIFENIDILO,5838,CHILE,ANTIPARKINSONIANO
11389,TOPICTAL 100 MG CAJA 28 COMPRIMIDOS,TOPIRAMATO 100MG,32322,TECNOFARMA,EPILEPSIA
9938,TOPIVITAE 25MG X 28,TOPIRAMATO 25MG,2432,GALENICUM,DERMATOLOGICO
9661,TOPREL 50 MG CAJA 30 CM,TOPIRAMATO 50MG,22815,ABBOTT,EPILEPSIA
9370,TOPTEAR 0.4% SOF.X10ml,HIALURONATO DE SODIO,7392,PHARMA INVESTI,OFTALMICO
10928,TOUJEO 300 UI /ML 1.5ML INY,INSULINA GLARGINA,17139,SANOFI AVENTS,CARDIOVASCULAR
13262,TRAM ONE 100MG X 10 COMP,TRAMADOL 100MG XR,2669,GEROT,ANALGESICO
9372,TRAMADOL 50mg X10CAP,TRAMADOL 50MG,-,SANITAS,ANALGESICO
10325,TRAMADOL/PARACET 37.5/325M CAJ 30 CM REC,TRAMADOL PARACETAMOL,1351,PHARMATRADE,ANALGESICO
9373,TRAMAL LONG 100mg X10COM,LEVOTIROXINA 25 MCG,-,GRUNENTHAL,ANALGESICO
10930,TRAMAL LONG COMP 50 MG X 20,TRAMADOL PARACETAMOL,-,ANDROMACO,ANALGESICO
9131,TRAVATAN BAK SOF.X2.5ml CAJA,TRAVAPROST 0.04 MG,4202,ALLERGAN,OFTALMICO
9771,TRAYENTA 5MG X 30COMP REC.,LINAGLIPTINA,27251,BOEHRINGER INGELHEIM,CARDIOVASCULAR
10379,TRAYENTA DUO 2.5/850 MG X 60 COMPRIMIDOS,LINAGLIPTINA,-,BOEHRINGER INGELHEIM,CARDIOVASCULAR
11819,TRAYENTA DUO 2.5+1000MG X 60,LINAGLIPTINA,31294,BOEHRINGER INGELHEIM,CARDIOVASCULAR
11820,TRAYENTA DUO 2.5+500MG X 60 COMPR,LINAGLIPTINA,29301,BOEHRINGER INGELHEIM,CARDIOVASCULAR
9301,TREXFORTE 400/5ML SUSP. ORAL 30 ml,AZITROMICINA 400MG/5ML,-,SAVAL,ANTIINFECCIOSO
12449,TRIGILAB 200 MG X 30 COMPRIMIDOS,LAMOTRIGINA 200mg,11460,INTHERPHARMA,SALUD MENTAL
9495,TRIGILAB 50 MG CAJ 100 CM,LAMOTRIGINA 50mg,2292,INTERPHARMA S.A.,ALERGIA
10925,TRIGILAB COMP 100 MG X 100 CA BE,LAMOTRIGINA 100mg,-,INTHERPHARMA,SALUD MENTAL
9914,TRIMEBUTINO 100MG X20 COMPRIMIDOS,TRIMEBUTINO,607,ANDROMACO,APARATO DIGESTIVO
11532,TRINOMIA 100/20/10 MG X 28 CAPSULAS,AAS 100MG. ATORVASTATINA 20MG. RAMIPRIL 10 MG,-,FERRER,CARDIOVASCULAR
11632,TRINOMIA 100/20/5 MG X 28 CAPSULAS,AAS 100MG. ATORVASTATINA 20MG. RAMIPRIL 5 MG,17354,FERRER,CARDIOVASCULAR
9879,TRITTICO 100MG X20 COMPRIMIDOS RECUBIERT,TRAZODONA,2473,CHILE,SALUD MENTAL
11789,TRONSALAN 25mg X30 COMPRIMIDOS,TRAZODONA,-,MEDIPHARM,SALUD MENTAL
14875,TRU GOTAS OTOLÓGICAS SOLUCIÓN X 10 ML,SULFATIAZOL 50MG. LIDOCAINA 20MG,2774,PASTEUR,ANTIINFECCIOSO
10192,ULTIBRO 110/50 MCG X 30 CAPSULAS,GLICOPIRRONIO,38313,NOVARTIS,APARATO RESPIRATORIO
10590,UREN X 24 COMPRIMIDOS,HIDROCLOROTIAZIDA TRIAMTERENE,1913,CHILE,CARDIOVASCULAR
10373,URICONT TU 10MG X 30 COMPRIMIDOS,OXIBUTININA,31226,SYNTHON,APARATO GENITOURINARIO
10374,URICONT TU 15 MG X 30 COMPRIMIDOS,OXIBUTININA,-,SYNTHON,APARATO GENITOURINARIO
10050,UROSTOP 2MG X30 COMRIMIDOS,TOLTERODINA,7170,SYNTHON,APARATO GENITOURINARIO
14355,VALCOTE 500MG X 50COM,ACIDO VALPROICO 500MG,36607,ABBOTT,EPILEPSIA
11218,VALSARTAN 160 MG CAJ 30 CM,VALSARTAN,5466,SEVEN PHARMA,CARDIOVASCULAR
11415,VALSARTAN 80 MG X 30 COM,VALSARTAN,2916,EUROFARMA,CARDIOVASCULAR
9714,VALVITAE PLUS 160/12.5MG X28 COMP,VALSARTAN 160MG. HCTZDA 12.5MG,-,GALENICUM,CARDIOVASCULAR
9704,VANNAIR 160/4.5 X120DS.,FORMOTEROL,14028,ASTRAZENECA,APARATO RESPIRATORIO
9133,VANNAIR 80/4.5X 120 DS,FORMOTEROL,17033,#N/D,#N/D
9780,VANTUX MAX x 60 cáp.,VITAMINA,11719,PHARMA INVESTI,SUPLEMENTO ALIMENTICIO
13261,VASELINA LIQ.MEDICIN.200,ONDASETRON 8MG/4ML,-,PISA,APARATO DIGESTIVO
9212,VASELINA LIQUIDA 1LT,VASELINA,-,DIPHEM,INSUMO MEDICO
9140,VASTAREL MR 5 MG,TRIMETAZIDINA 5MG,-,FERRER,CARDIOVASCULAR
11774,VEDIPAL X 60COMPRIMIDOS,DIOSMINA. HESPERIDINA,22021,TECNOFARMA,APARATO CIRCULATORIO
10043,VENLAVITAE 150MG X 30 CAPSULAS,VENLAFAXINA,10309,GALENICUM,SALUD MENTAL
10044,VENLAVITAE 75MG X 30 CAPSULAS,VENLAFAXINA,-,GALENICUM,SALUD MENTAL
10380,VERTIUM 25 MG X 40 COMP,DIFENIDOL,6672,SAVAL,SALUD MENTAL
9314,VESICARE 5 MG X10COMP,SOLIFENACINA,-,ITF-LABOMED,APARATO GENITOURINARIO
11303,VESNIDAN X 60 COMPRIMIDOS,DIOSMINA. HESPERIDINA,-,MEDIPHARM,APARATO CIRCULATORIO
14077,VEXA 20 x 28 COM,DROSPIRENONA,8673,CHILE,HORMONA
10073,VEXA CD X 28COMPRIMIDOS,DROSPIRENONA. ETINILESTRADIOL,10230,CHILE,HORMONA
10631,VICTOZA 0.6MG/ML 1 PLUMA PRECARGADA,LIRAGLUTIDA,58589,NOVO NORDISK,CARDIOVASCULAR
9781,VINTIX 250 mg x 6 SOBRES,SACCHAROMYCES BOULARDII,-,PHARMA INVESTI,APARATO DIGESTIVO
10388,VITAMIN E DL 400UI X 60 CP.BLANDAS,VITAMINA E,-,NUTRALINE,SUPLEMENTO ALIMENTICIO
14644,VITAMINA C + ZINC MASTICABLE X 90,MULTIVITAMINICO,-,NUTRAPHARM,SUPLEMENTO ALIMENTICIO
11019,VITAMINA C 500 X 60,INSUMO MEDICO,-,PHARMAPLAST,INSUMO MEDICO
11888,VITAMINA C1000 X 60 COMP,MULTIVITAMINICO,2293,SUPLALIM,SUPLEMENTO ALIMENTICIO
14862,VITAMINA D3 CAPS X 60,VITAMINA D3,6283,KNOP,SUPLEMENTO ALIMENTICIO
11833,VITAMINA D3 800 UI X 30,VITAMINA D,-,MEDIPHARM,SUPLEMENTO ALIMENTICIO
9574,VITAMINA E400 X 30,MULTIVITAMINICO,1321,SUPLALIM,SUPLEMENTO ALIMENTICIO
9547,VITANGO 200 MG X30COMP.,FITOTERAPIA,-,PHARMA INVESTI,SUPLEMENTO ALIMENTICIO
11859,VITDE 500UI X 30 COMP,VITAMINA D,6354,PASTEUR,SUPLEMENTO ALIMENTICIO
11860,VITDE 800UI X 30COMP,VITAMINA D,8616,PASTEUR,SUPLEMENTO ALIMENTICIO
15245,VITERNUM VITAMIN 125ML,VITAMINAS,13244,ITF-LABOMED,SUPLEMENTO ALIMENTICIO
11250,VIVALITE 900 GRAMOS CHIRIMOYA ALEGRE,SUPLEMENTO ALIMENTICIO,-,RENOVA,SUPLEMENTO ALIMENTICIO
12663,VIVALITE 900 GRAMOS FRESA BANANA,SUPLEMENTO ALIMENTICIO,-,RENOVA,SUPLEMENTO ALIMENTICIO
11687,VIVALITE COLAGENO PLUS 375 GRAMOS,SUPLEMENTO ALIMENTICIO,11781,RENOVA,SUPLEMENTO ALIMENTICIO
15403,VIVALITE INMUNRE BOOST X 10 SACHET,MULTIVITAMINICO,2975,VIVALIITE,SUPLEMENTO ALIMENTICIO
13141,VIVALITE THINKENER PLUS 300 GRS,SUPLEMENTO ALIMENTICIO,8438,RENOVA,SUPLEMENTO ALIMENTICIO
15492,VIVALITE VAINILLA X 900GR,SUPLEMENTO ALIMENTICIO,43447,VIVALITE,VITAMINAS
14027,VIVIMEX 10 MG X 60 COMP.,MEMANTINA 10MG,-,PHARMA INVESTI,SALUD MENTAL
10435,VIVIMEX 20 mg x 30 COMPRIMIDOS,MEMANTINA 20MG,-,PHARMA INVESTI,SALUD MENTAL
10460,VYTORIN 10/10 MG X 28 C.,EZETIMIBA 10MG. SIMVASTATINA 10MG,-,MERCK SHARP & DOHME,CARDIOVASCULAR
10122,VYTORIN 10/20 MG X 28 COMP,EZETIMIBA 10MG. SIMVASTATINA 20MG,21524,MERCK SHARP & DOHME,CARDIOVASCULAR
11703,VYTORIN 10/40 X28COM.,EZETIMIBA 10MG. SIMVASTATINA 40MG,-,MERCK SHARP & DOHME,CARDIOVASCULAR
9968,XARELTO 10MG X 10COMPRIMIDOS,RIVAROXABAN 10MG,21474,BAYER,CARDIOVASCULAR
9439,XARELTO 15mg X28COM.REC.,RIVAROXABAN 15MG,42227,BAYER,CARDIOVASCULAR
10996,XARELTO 2.5 MG X 56 COMPRIMIDOS,RIVAROXABAN 2.5MG,42021,BAYER,CARDIOVASCULAR
9239,XARELTO 20mg X28COM.REC.,RIVAROXABAN 20MG,43364,BAYER,CARDIOVASCULAR
11293,XIGDUO XR 10/1000 MG X 28 COMPRIMIDOS,METFORMINA 1000MG. DAPAGLIFLOZINA 10MG,28947,ASTRAZENECA,CARDIOVASCULAR
11891,XOLOF D SOFT.X 5 ml,TOBRAMCINA DEXAMETASONA,11861,SAVAL,OFTALMICO
11745,XUZAL 5 MG CAJ 30 CM,LEVOCETIRIZINA 5MG,5355,GLAXOSMITHKLINE,ALERGIA
10482,YASMIN CD,DROSPIRENONA. ETINILESTRADIOL,18936,BAYER,HORMONA
10798,YASMIN X 21COMPRIMIDOS,DROSPIRENONA. ETINILESTRADIOL,18599,BAYER,HORMONA
10483,YAZ X 28 COMPRIMIDOS,DROSPIRENONA. ETINILESTRADIOL,16555,BAYER,HORMONA
10806,ZAVIANA FS 12.5 MG X 30 COMPRIMIDOS,ZOLPIDEM,-,RECALCINE,SALUD MENTAL
9509,ZETIROL S 10/20 MG CAJ 28 CM,EZETIMIBE/SIMVASTATIINA,1490,PHARMA NETWORK,CARDIOVASCULAR
9577,ZINC 15MG X 30 COMP,MULTIVITAMINICO,1373,SUPLALIM,SUPLEMENTO ALIMENTICIO
9999,ZIVAL FORTE JARABE 120 ML,LEVOCETIRIZINA 5MG/5ML,9986,SAVAL,ALERGIA
11947,ZIVAL GOTAS 20ML,LEVOCETIRIZINA GOTAS,10191,SAVAL,ALERGIA
10927,ZOLETERO SOL INY 4 MG/5ML,ACIDO ZOLEDRÓNICO,7003,ALPHA PHARMA,ARTRITIS. ARTROSIS Y OSTEOPOROSIS
10190,ZOLTUM 40 MG X 28 COMP,PANTOPRAZOL,-,TECNOFARMA,APARATO DIGESTIVO
12135,ZOMEL HP TRITERAPIA x 28 DOSIS,AMOXICILINA CLARITROMICINA ESOMEPRAZOL,-,SAVAL,APARATO DIGESTIVO
10000,ZOMETIC 7.5 MG CAJ 30 CM,ESOMEPRAZOL 40MG,-,SAVAL,APARATO DIGESTIVO
9139,ZOPERIL 7.5mg X30COM.REC.,ZOPICLONA,-,EUROFARMA,SALUD MENTAL
